bt_date,n_players,field_hit1_rate,field_hit2_rate,field_avg_actual,n_field,top_5_hit1_rate,top_5_hit2_rate,top_5_avg_actual,top_5_lift_hit1,top_5_lift_hit2,top_5_lift_avg,top_10_hit1_rate,top_10_hit2_rate,top_10_avg_actual,top_10_lift_hit1,top_10_lift_hit2,top_10_lift_avg,top_20_hit1_rate,top_20_hit2_rate,top_20_avg_actual,top_20_lift_hit1,top_20_lift_hit2,top_20_lift_avg,v1_top_5_hit1_rate,v1_top_5_hit2_rate,v1_top_5_avg_actual,v1_top_5_lift_hit1,v1_top_5_lift_hit2,v1_top_5_lift_avg,v1_top_10_hit1_rate,v1_top_10_hit2_rate,v1_top_10_avg_actual,v1_top_10_lift_hit1,v1_top_10_lift_hit2,v1_top_10_lift_avg,v1_top_20_hit1_rate,v1_top_20_hit2_rate,v1_top_20_avg_actual,v1_top_20_lift_hit1,v1_top_20_lift_hit2,v1_top_20_lift_avg,std_top_5_hit1_rate,std_top_5_hit2_rate,std_top_5_avg_actual,std_top_5_lift_hit1,std_top_5_lift_hit2,std_top_5_lift_avg,std_top_10_hit1_rate,std_top_10_hit2_rate,std_top_10_avg_actual,std_top_10_lift_hit1,std_top_10_lift_hit2,std_top_10_lift_avg,std_top_20_hit1_rate,std_top_20_hit2_rate,std_top_20_avg_actual,std_top_20_lift_hit1,std_top_20_lift_hit2,std_top_20_lift_avg,bkt_rare_pct_field,bkt_rare_pct_top10,bkt_rare_hit1_rate,bkt_occasional_pct_field,bkt_occasional_pct_top10,bkt_occasional_hit1_rate,bkt_star_pct_field,bkt_star_pct_top10,bkt_star_hit1_rate,calibration_80,mae,spearman_elfies_v2,spearman_elfies_v1,spearman_elfies_standout,bkt_reliable_pct_field,bkt_reliable_pct_top10,bkt_reliable_hit1_rate
2025-11-03,502,0.255,0.0498,0.3147,502,0.4,0.2,0.8,1.5688,4.016,2.5418,0.6,0.2,0.9,2.3531,4.016,2.8595,0.5,0.15,0.75,1.9609,3.012,2.3829,0.6,0.4,1.2,2.3531,8.032,3.8127,0.7,0.2,1.0,2.7453,4.016,3.1772,0.55,0.15,0.75,2.157,3.012,2.3829,0.0,0.0,0.0,0.0,0.0,0.0,0.1,0.0,0.1,0.3922,0.0,0.3177,0.2,0.05,0.3,0.7844,1.004,0.9532,0.663,0.0,0.2252,0.161,0.0,0.1852,0.175,1.0,0.4318,0.7928,0.3722,0.1807,0.1856,0.094,,,
2025-11-04,246,0.248,0.061,0.3171,246,0.4,0.4,0.8,1.6131,6.56,2.5231,0.6,0.2,0.8,2.4197,3.28,2.5231,0.5,0.15,0.65,2.0164,2.46,2.05,0.4,0.4,0.8,1.6131,6.56,2.5231,0.4,0.2,0.6,1.6131,3.28,1.8923,0.5,0.15,0.65,2.0164,2.46,2.05,0.6,0.0,0.6,2.4197,0.0,1.8923,0.4,0.0,0.4,1.6131,0.0,1.2615,0.3,0.0,0.3,1.2098,0.0,0.9462,0.533,0.0,0.1756,0.313,0.0,0.2468,0.154,1.0,0.5,0.8293,0.3744,0.2844,0.2786,0.1245,,,
2025-11-05,123,0.1545,0.0407,0.2033,123,0.2,0.0,0.2,1.2947,0.0,0.984,0.3,0.0,0.3,1.9421,0.0,1.476,0.35,0.0,0.35,2.2658,0.0,1.722,0.4,0.0,0.4,2.5895,0.0,1.968,0.3,0.0,0.3,1.9421,0.0,1.476,0.3,0.0,0.3,1.9421,0.0,1.476,0.2,0.0,0.2,1.2947,0.0,0.984,0.4,0.2,0.6,2.5895,4.92,2.952,0.25,0.1,0.35,1.6184,2.46,1.722,0.569,0.3,0.1571,0.358,0.3,0.0909,0.073,0.4,0.4444,0.9024,0.251,0.1511,0.2639,0.2164,,,
2025-11-10,727,0.293,0.088,0.403,727,0.8,0.2,1.2,2.7305,2.2719,2.9775,0.6,0.3,1.0,2.0479,3.4078,2.4812,0.45,0.2,0.7,1.5359,2.2719,1.7369,0.8,0.4,1.4,2.7305,4.5438,3.4737,0.7,0.3,1.2,2.3892,3.4078,2.9775,0.5,0.2,0.8,1.7066,2.2719,1.985,0.4,0.0,0.4,1.3653,0.0,0.9925,0.3,0.0,0.3,1.0239,0.0,0.7444,0.35,0.05,0.45,1.1946,0.568,1.1166,0.535,0.0,0.2339,0.285,0.1,0.2802,0.155,0.9,0.4956,0.7717,0.4656,0.227,0.2246,0.1436,0.025,0.0,0.4444
2025-11-11,409,0.2494,0.0465,0.3081,409,0.8,0.2,1.0,3.2078,4.3053,3.246,0.6,0.1,0.7,2.4059,2.1526,2.2722,0.5,0.1,0.65,2.0049,2.1526,2.1099,0.8,0.2,1.0,3.2078,4.3053,3.246,0.5,0.1,0.6,2.0049,2.1526,1.9476,0.45,0.05,0.5,1.8044,1.0763,1.623,0.4,0.0,0.4,1.6039,0.0,1.2984,0.2,0.0,0.2,0.802,0.0,0.6492,0.15,0.0,0.15,0.6015,0.0,0.4869,0.511,0.0,0.1531,0.232,0.0,0.2842,0.188,1.0,0.3766,0.8386,0.4808,0.2457,0.2406,0.0581,0.068,0.0,0.5
2025-11-12,588,0.3078,0.102,0.4456,588,0.4,0.2,0.6,1.2994,1.96,1.3466,0.5,0.2,0.9,1.6243,1.96,2.0198,0.55,0.15,0.8,1.7867,1.47,1.7954,0.2,0.0,0.2,0.6497,0.0,0.4489,0.4,0.0,0.4,1.2994,0.0,0.8977,0.4,0.15,0.65,1.2994,1.47,1.4588,0.0,0.0,0.0,0.0,0.0,0.0,0.0,0.0,0.0,0.0,0.0,0.0,0.2,0.05,0.25,0.6497,0.49,0.5611,0.539,0.0,0.2208,0.228,0.0,0.3582,0.134,0.6,0.5443,0.7823,0.5169,0.2705,0.2695,0.0556,0.099,0.4,0.3448
2025-11-13,453,0.3377,0.0927,0.4592,453,1.0,0.8,2.2,2.9608,8.6286,4.7913,0.9,0.6,1.8,2.6647,6.4714,3.9202,0.75,0.35,1.25,2.2206,3.775,2.7224,1.0,0.4,1.8,2.9608,4.3143,3.9202,0.7,0.3,1.2,2.0725,3.2357,2.6135,0.75,0.3,1.2,2.2206,3.2357,2.6135,0.2,0.0,0.2,0.5922,0.0,0.4356,0.3,0.0,0.3,0.8882,0.0,0.6534,0.35,0.05,0.4,1.0363,0.5393,0.8712,0.561,0.0,0.2283,0.177,0.0,0.4,0.113,0.7,0.4902,0.8278,0.4971,0.3094,0.3022,0.1389,0.15,0.3,0.5588
2025-11-14,182,0.2363,0.0659,0.3352,182,0.4,0.0,0.4,1.693,0.0,1.1934,0.5,0.0,0.5,2.1163,0.0,1.4918,0.6,0.05,0.7,2.5395,0.7583,2.0885,0.2,0.0,0.2,0.8465,0.0,0.5967,0.5,0.0,0.5,2.1163,0.0,1.4918,0.55,0.1,0.75,2.3279,1.5167,2.2377,0.4,0.0,0.4,1.693,0.0,1.1934,0.3,0.1,0.4,1.2698,1.5167,1.1934,0.3,0.1,0.4,1.2698,1.5167,1.1934,0.582,0.1,0.1321,0.209,0.2,0.2632,0.088,0.4,0.5,0.8681,0.4633,0.3069,0.3021,0.1019,0.121,0.3,0.5
2025-11-15,590,0.2288,0.0441,0.2831,590,0.8,0.4,1.2,3.4963,9.0769,4.2395,0.7,0.4,1.2,3.0593,9.0769,4.2395,0.5,0.25,0.85,2.1852,5.6731,3.003,0.6,0.2,0.8,2.6222,4.5385,2.8263,0.6,0.2,0.8,2.6222,4.5385,2.8263,0.6,0.35,1.05,2.6222,7.9423,3.7096,0.6,0.0,0.6,2.6222,0.0,2.1198,0.3,0.0,0.3,1.3111,0.0,1.0599,0.3,0.0,0.3,1.3111,0.0,1.0599,0.512,0.0,0.1424,0.224,0.0,0.2273,0.131,0.9,0.5455,0.8492,0.456,0.3345,0.3299,0.0837,0.134,0.1,0.2532
2025-11-16,226,0.2566,0.031,0.2965,226,0.6,0.0,0.6,2.3379,0.0,2.0239,0.7,0.2,0.9,2.7276,6.4571,3.0358,0.6,0.15,0.75,2.3379,4.8429,2.5299,0.4,0.0,0.4,1.5586,0.0,1.3493,0.4,0.0,0.4,1.5586,0.0,1.3493,0.55,0.15,0.7,2.1431,4.8429,2.3612,0.2,0.0,0.2,0.7793,0.0,0.6746,0.2,0.0,0.2,0.7793,0.0,0.6746,0.15,0.0,0.15,0.5845,0.0,0.506,0.562,0.0,0.1496,0.19,0.0,0.3256,0.119,0.9,0.4815,0.8673,0.3852,0.3417,0.3419,0.0895,0.128,0.1,0.4138
2025-11-17,273,0.3114,0.0659,0.3846,273,0.8,0.4,1.4,2.5694,6.0667,3.64,0.7,0.3,1.1,2.2482,4.55,2.86,0.7,0.25,1.0,2.2482,3.7917,2.6,0.6,0.4,1.2,1.9271,6.0667,3.12,0.7,0.3,1.1,2.2482,4.55,2.86,0.65,0.35,1.1,2.0876,5.3083,2.86,0.4,0.4,0.8,1.2847,6.0667,2.08,0.5,0.2,0.7,1.6059,3.0333,1.82,0.4,0.15,0.55,1.2847,2.275,1.43,0.542,0.0,0.2095,0.253,0.0,0.3623,0.088,0.9,0.5417,0.8168,0.4209,0.2966,0.2948,0.1386,0.117,0.1,0.5
2025-11-18,363,0.2617,0.0606,0.3361,363,0.6,0.4,1.0,2.2926,6.6,2.9754,0.7,0.4,1.1,2.6747,6.6,3.273,0.5,0.25,0.75,1.9105,4.125,2.2316,1.0,0.6,1.6,3.8211,9.9,4.7607,0.8,0.4,1.2,3.0568,6.6,3.5705,0.5,0.2,0.7,1.9105,3.3,2.0828,0.0,0.0,0.0,0.0,0.0,0.0,0.0,0.0,0.0,0.0,0.0,0.0,0.15,0.0,0.15,0.5732,0.0,0.4463,0.556,0.0,0.1584,0.234,0.0,0.3529,0.099,0.9,0.5556,0.8595,0.3936,0.3586,0.3544,0.1446,0.11,0.1,0.325
2025-11-19,183,0.3333,0.1202,0.4699,183,1.0,0.4,1.6,3.0,3.3273,3.4047,0.7,0.2,1.0,2.1,1.6636,2.1279,0.6,0.2,0.85,1.8,1.6636,1.8087,0.8,0.2,1.0,2.4,1.6636,2.1279,0.8,0.3,1.2,2.4,2.4955,2.5535,0.6,0.25,0.9,1.8,2.0795,1.9151,0.2,0.0,0.2,0.6,0.0,0.4256,0.2,0.0,0.2,0.6,0.0,0.4256,0.2,0.05,0.25,0.6,0.4159,0.532,0.552,0.0,0.1584,0.24,0.2,0.4545,0.077,0.4,0.8571,0.7923,0.4631,0.4405,0.4125,0.0666,0.131,0.4,0.5417
2025-11-20,540,0.2481,0.0611,0.3333,540,0.4,0.2,0.6,1.6119,3.2727,1.8,0.6,0.1,0.7,2.4179,1.6364,2.1,0.5,0.05,0.55,2.0149,0.8182,1.65,0.6,0.0,0.6,2.4179,0.0,1.8,0.5,0.1,0.6,2.0149,1.6364,1.8,0.45,0.05,0.5,1.8134,0.8182,1.5,0.0,0.0,0.0,0.0,0.0,0.0,0.2,0.0,0.2,0.806,0.0,0.6,0.2,0.05,0.25,0.806,0.8182,0.75,0.543,0.0,0.1502,0.224,0.0,0.3058,0.096,0.9,0.5,0.8241,0.4847,0.233,0.219,0.0667,0.137,0.1,0.3649
2025-11-21,181,0.2762,0.1215,0.4199,181,0.8,0.2,1.0,2.896,1.6455,2.3816,0.6,0.2,0.8,2.172,1.6455,1.9053,0.6,0.2,0.8,2.172,1.6455,1.9053,0.8,0.2,1.0,2.896,1.6455,2.3816,0.8,0.3,1.1,2.896,2.4682,2.6197,0.6,0.25,0.85,2.172,2.0568,2.0243,0.4,0.4,0.8,1.448,3.2909,1.9053,0.3,0.2,0.5,1.086,1.6455,1.1908,0.2,0.1,0.3,0.724,0.8227,0.7145,0.569,0.0,0.165,0.238,0.2,0.3023,0.066,0.6,0.8333,0.8564,0.5004,0.3386,0.3308,0.0301,0.127,0.2,0.4348
2025-11-22,542,0.2749,0.0627,0.3524,542,0.4,0.2,0.6,1.455,3.1882,1.7026,0.5,0.1,0.6,1.8188,1.5941,1.7026,0.65,0.1,0.75,2.3644,1.5941,2.1283,0.6,0.2,0.8,2.1826,3.1882,2.2702,0.5,0.1,0.6,1.8188,1.5941,1.7026,0.65,0.05,0.7,2.3644,0.7971,1.9864,0.0,0.0,0.0,0.0,0.0,0.0,0.0,0.0,0.0,0.0,0.0,0.0,0.05,0.0,0.05,0.1819,0.0,0.1419,0.555,0.0,0.1561,0.22,0.0,0.2941,0.077,0.6,0.6429,0.8561,0.4361,0.3328,0.3184,0.1025,0.148,0.4,0.5
2025-11-23,275,0.16,0.0218,0.1855,275,0.6,0.0,0.6,3.75,0.0,3.2353,0.7,0.2,0.9,4.375,9.1667,4.8529,0.45,0.1,0.55,2.8125,4.5833,2.9657,0.4,0.0,0.4,2.5,0.0,2.1569,0.6,0.2,0.8,3.75,9.1667,4.3137,0.45,0.1,0.55,2.8125,4.5833,2.9657,0.0,0.0,0.0,0.0,0.0,0.0,0.2,0.0,0.2,1.25,0.0,1.0784,0.25,0.0,0.25,1.5625,0.0,1.348,0.509,0.0,0.0857,0.24,0.2,0.2121,0.08,0.4,0.4091,0.8982,0.395,0.3368,0.3329,0.1847,0.171,0.4,0.1915
2025-11-24,313,0.262,0.0735,0.361,313,0.6,0.2,1.0,2.2902,2.7217,2.7699,0.7,0.3,1.1,2.672,4.0826,3.0469,0.55,0.35,1.0,2.0994,4.763,2.7699,0.8,0.2,1.2,3.0537,2.7217,3.3239,0.7,0.4,1.2,2.672,5.4435,3.3239,0.65,0.4,1.15,2.4811,5.4435,3.1854,0.0,0.0,0.0,0.0,0.0,0.0,0.2,0.0,0.2,0.7634,0.0,0.554,0.15,0.0,0.15,0.5726,0.0,0.4155,0.527,0.0,0.1455,0.265,0.2,0.3614,0.086,0.6,0.4815,0.8339,0.4521,0.268,0.2579,0.052,0.121,0.2,0.3947
2025-11-25,45,0.4889,0.1556,0.7111,45,1.0,0.2,1.4,2.0455,1.2857,1.9687,0.8,0.2,1.1,1.6364,1.2857,1.5469,0.55,0.1,0.7,1.125,0.6429,0.9844,1.0,0.2,1.4,2.0455,1.2857,1.9687,0.8,0.2,1.1,1.6364,1.2857,1.5469,0.6,0.15,0.8,1.2273,0.9643,1.125,0.4,0.0,0.4,0.8182,0.0,0.5625,0.4,0.0,0.4,0.8182,0.0,0.5625,0.55,0.1,0.65,1.125,0.6429,0.9141,0.444,0.0,0.35,0.311,0.2,0.5,0.111,0.4,0.8,0.7111,0.6805,0.2697,0.2888,0.0981,0.133,0.4,0.6667
2025-11-26,682,0.2933,0.066,0.371,682,0.4,0.4,0.8,1.364,6.0622,2.1565,0.4,0.3,0.7,1.364,4.5467,1.887,0.45,0.25,0.75,1.5345,3.7889,2.0217,0.4,0.2,0.6,1.364,3.0311,1.6174,0.5,0.3,0.8,1.705,4.5467,2.1565,0.45,0.25,0.75,1.5345,3.7889,2.0217,0.2,0.0,0.2,0.682,0.0,0.5391,0.2,0.0,0.2,0.682,0.0,0.5391,0.15,0.0,0.15,0.5115,0.0,0.4043,0.538,0.0,0.1553,0.239,0.2,0.3804,0.075,0.6,0.5686,0.8021,0.4414,0.2934,0.2833,0.1246,0.148,0.2,0.5149
2025-11-28,681,0.304,0.0675,0.3818,681,0.8,0.2,1.0,2.6319,2.9609,2.6192,0.7,0.4,1.1,2.3029,5.9217,2.8812,0.65,0.35,1.0,2.1384,5.1815,2.6192,0.6,0.4,1.0,1.9739,5.9217,2.6192,0.5,0.2,0.7,1.6449,2.9609,1.8335,0.55,0.3,0.85,1.8094,4.4413,2.2263,0.2,0.0,0.2,0.658,0.0,0.5238,0.3,0.1,0.4,0.987,1.4804,1.0477,0.25,0.05,0.3,0.8225,0.7402,0.7858,0.53,0.0,0.1801,0.263,0.1,0.3743,0.066,0.7,0.4889,0.8209,0.4499,0.3212,0.3131,0.1081,0.141,0.2,0.5521
2025-11-29,500,0.244,0.078,0.34,500,0.8,0.4,1.6,3.2787,5.1282,4.7059,0.9,0.4,1.5,3.6885,5.1282,4.4118,0.75,0.3,1.2,3.0738,3.8462,3.5294,0.8,0.4,1.6,3.2787,5.1282,4.7059,0.9,0.4,1.5,3.6885,5.1282,4.4118,0.75,0.45,1.3,3.0738,5.7692,3.8235,0.0,0.0,0.0,0.0,0.0,0.0,0.0,0.0,0.0,0.0,0.0,0.0,0.05,0.0,0.05,0.2049,0.0,0.1471,0.514,0.0,0.1089,0.294,0.1,0.2721,0.08,0.7,0.675,0.87,0.4278,0.3329,0.325,0.0406,0.112,0.2,0.4821
2025-11-30,182,0.2088,0.0495,0.2967,182,0.4,0.2,0.8,1.9158,4.0444,2.6963,0.4,0.2,0.8,1.9158,4.0444,2.6963,0.5,0.3,0.95,2.3947,6.0667,3.2019,0.4,0.2,0.8,1.9158,4.0444,2.6963,0.5,0.3,1.0,2.3947,6.0667,3.3704,0.5,0.3,0.95,2.3947,6.0667,3.2019,0.0,0.0,0.0,0.0,0.0,0.0,0.0,0.0,0.0,0.0,0.0,0.0,0.1,0.0,0.1,0.4789,0.0,0.337,0.456,0.0,0.0602,0.302,0.1,0.2545,0.066,0.5,0.5,0.9011,0.4702,0.3618,0.3662,0.0566,0.176,0.4,0.4062
2025-12-01,226,0.2832,0.0929,0.385,226,0.6,0.4,1.2,2.1187,4.3048,3.1172,0.6,0.4,1.1,2.1187,4.3048,2.8575,0.65,0.4,1.15,2.2953,4.3048,2.9874,0.8,0.6,1.6,2.825,6.4571,4.1563,0.6,0.5,1.3,2.1187,5.381,3.377,0.65,0.35,1.1,2.2953,3.7667,2.8575,0.2,0.0,0.2,0.7063,0.0,0.5195,0.2,0.0,0.2,0.7063,0.0,0.5195,0.2,0.1,0.3,0.7063,1.0762,0.7793,0.54,0.0,0.1475,0.265,0.0,0.3,0.084,0.6,0.5263,0.7965,0.4235,0.3261,0.3259,0.1158,0.111,0.4,0.72
2025-12-03,180,0.3111,0.1056,0.4722,180,1.0,0.8,3.0,3.2143,7.5789,6.3529,0.8,0.5,2.0,2.5714,4.7368,4.2353,0.75,0.35,1.45,2.4107,3.3158,3.0706,1.0,0.6,2.4,3.2143,5.6842,5.0824,0.9,0.5,1.9,2.8929,4.7368,4.0235,0.75,0.35,1.45,2.4107,3.3158,3.0706,0.0,0.0,0.0,0.0,0.0,0.0,0.1,0.1,0.2,0.3214,0.9474,0.4235,0.15,0.1,0.3,0.4821,0.9474,0.6353,0.544,0.0,0.1939,0.25,0.2,0.2889,0.083,0.5,0.7333,0.7833,0.4803,0.2777,0.2565,0.0842,0.122,0.3,0.5909
2025-12-04,540,0.2722,0.0778,0.3593,540,0.8,0.6,1.4,2.9388,7.7143,3.8969,0.4,0.3,0.7,1.4694,3.8571,1.9485,0.45,0.25,0.7,1.6531,3.2143,1.9485,0.6,0.4,1.0,2.2041,5.1429,2.7835,0.6,0.4,1.0,2.2041,5.1429,2.7835,0.5,0.3,0.8,1.8367,3.8571,2.2268,0.4,0.0,0.4,1.4694,0.0,1.1134,0.4,0.0,0.4,1.4694,0.0,1.1134,0.35,0.0,0.35,1.2857,0.0,0.9742,0.539,0.0,0.1718,0.272,0.1,0.3605,0.057,0.7,0.4839,0.8241,0.4699,0.2549,0.2455,0.0871,0.131,0.2,0.4085
2025-12-05,120,0.1917,0.0417,0.2333,120,0.8,0.0,0.8,4.1739,0.0,3.4286,0.6,0.0,0.6,3.1304,0.0,2.5714,0.3,0.0,0.3,1.5652,0.0,1.2857,0.6,0.0,0.6,3.1304,0.0,2.5714,0.4,0.0,0.4,2.087,0.0,1.7143,0.35,0.0,0.35,1.8261,0.0,1.5,0.0,0.0,0.0,0.0,0.0,0.0,0.0,0.0,0.0,0.0,0.0,0.0,0.0,0.0,0.0,0.0,0.0,0.0,0.442,0.0,0.0566,0.367,0.3,0.2273,0.058,0.3,0.5714,0.85,0.4485,0.1504,0.1489,0.0007,0.133,0.4,0.375
2025-12-06,59,0.2542,0.1356,0.4407,59,0.6,0.2,1.0,2.36,1.475,2.2692,0.4,0.1,0.6,1.5733,0.7375,1.3615,0.5,0.25,0.85,1.9667,1.8438,1.9288,0.4,0.2,0.8,1.5733,1.475,1.8154,0.3,0.1,0.5,1.18,0.7375,1.1346,0.5,0.25,0.85,1.9667,1.8438,1.9288,0.2,0.0,0.2,0.7867,0.0,0.4538,0.2,0.0,0.2,0.7867,0.0,0.4538,0.2,0.05,0.25,0.7867,0.3688,0.5673,0.475,0.0,0.0357,0.322,0.4,0.3684,0.085,0.3,0.8,0.8305,0.4992,0.2932,0.338,0.0878,0.119,0.3,0.4286
2025-12-10,46,0.0652,0.0,0.0652,46,0.0,0.0,0.0,0.0,,0.0,0.1,0.0,0.1,1.5333,,1.5333,0.05,0.0,0.05,0.7667,,0.7667,0.0,0.0,0.0,0.0,,0.0,0.1,0.0,0.1,1.5333,,1.5333,0.05,0.0,0.05,0.7667,,0.7667,0.0,0.0,0.0,0.0,,0.0,0.0,0.0,0.0,0.0,,0.0,0.0,0.0,0.0,0.0,,0.0,0.478,0.0,0.0455,0.261,0.3,0.0833,0.109,0.4,0.2,0.9348,0.3501,-0.03,-0.0431,-0.136,0.152,0.3,0.0
2025-12-11,183,0.3115,0.071,0.3989,183,0.2,0.0,0.2,0.6421,0.0,0.5014,0.3,0.0,0.3,0.9632,0.0,0.7521,0.3,0.05,0.35,0.9632,0.7038,0.8774,0.0,0.0,0.0,0.0,0.0,0.0,0.3,0.0,0.3,0.9632,0.0,0.7521,0.25,0.05,0.3,0.8026,0.7038,0.7521,0.2,0.0,0.2,0.6421,0.0,0.5014,0.1,0.0,0.1,0.3211,0.0,0.2507,0.1,0.0,0.1,0.3211,0.0,0.2507,0.53,0.0,0.1649,0.268,0.0,0.4082,0.082,0.7,0.5333,0.7705,0.569,0.0195,0.0195,-0.1156,0.12,0.3,0.5909
2025-12-12,89,0.3034,0.0674,0.3933,89,0.6,0.4,1.2,1.9778,5.9333,3.0514,0.6,0.3,1.0,1.9778,4.45,2.5429,0.4,0.15,0.6,1.3185,2.225,1.5257,0.6,0.2,1.0,1.9778,2.9667,2.5429,0.6,0.3,1.0,1.9778,4.45,2.5429,0.35,0.15,0.55,1.1537,2.225,1.3986,0.2,0.2,0.6,0.6593,2.9667,1.5257,0.1,0.1,0.3,0.3296,1.4833,0.7629,0.3,0.1,0.5,0.9889,1.4833,1.2714,0.517,0.1,0.3043,0.371,0.5,0.2727,0.022,0.1,0.5,0.8202,0.5035,0.1007,0.113,0.0021,0.09,0.3,0.375
2025-12-13,585,0.2632,0.0752,0.3573,585,1.0,0.6,1.8,3.7987,7.9773,5.0383,0.6,0.4,1.1,2.2792,5.3182,3.0789,0.65,0.35,1.05,2.4692,4.6534,2.939,1.0,0.8,2.0,3.7987,10.6364,5.5981,0.7,0.5,1.3,2.6591,6.6477,3.6388,0.6,0.35,1.0,2.2792,4.6534,2.799,0.0,0.0,0.0,0.0,0.0,0.0,0.1,0.0,0.1,0.3799,0.0,0.2799,0.1,0.0,0.1,0.3799,0.0,0.2799,0.523,0.0,0.1536,0.255,0.1,0.302,0.068,0.6,0.55,0.8291,0.4849,0.1881,0.1877,0.0217,0.154,0.3,0.4444
2025-12-14,275,0.2691,0.0473,0.3273,275,0.8,0.2,1.0,2.973,4.2308,3.0556,0.5,0.1,0.6,1.8581,2.1154,1.8333,0.5,0.1,0.65,1.8581,2.1154,1.9861,0.6,0.2,0.8,2.2297,4.2308,2.4444,0.6,0.2,0.9,2.2297,4.2308,2.75,0.55,0.1,0.7,2.0439,2.1154,2.1389,0.0,0.0,0.0,0.0,0.0,0.0,0.1,0.0,0.1,0.3716,0.0,0.3056,0.05,0.0,0.05,0.1858,0.0,0.1528,0.498,0.0,0.1314,0.327,0.1,0.3333,0.055,0.4,0.5333,0.8982,0.4702,0.2487,0.2326,0.0165,0.12,0.5,0.5455
2025-12-15,224,0.2634,0.0714,0.3438,224,0.4,0.0,0.4,1.5186,0.0,1.1636,0.4,0.1,0.5,1.5186,1.4,1.4545,0.4,0.1,0.55,1.5186,1.4,1.6,0.4,0.0,0.4,1.5186,0.0,1.1636,0.5,0.1,0.6,1.8983,1.4,1.7455,0.4,0.05,0.45,1.5186,0.7,1.3091,0.0,0.0,0.0,0.0,0.0,0.0,0.1,0.0,0.1,0.3797,0.0,0.2909,0.15,0.0,0.15,0.5695,0.0,0.4364,0.522,0.0,0.1709,0.272,0.1,0.3115,0.054,0.4,0.4167,0.8125,0.4496,0.2405,0.2209,0.0411,0.152,0.5,0.4412
2025-12-16,454,0.2797,0.0639,0.37,454,1.0,0.6,2.2,3.5748,9.3931,5.9452,0.9,0.3,1.5,3.2173,4.6966,4.0536,0.75,0.2,1.1,2.6811,3.131,2.9726,0.8,0.4,1.8,2.8598,6.2621,4.8643,0.7,0.2,1.2,2.5024,3.131,3.2429,0.65,0.15,0.95,2.3236,2.3483,2.5673,0.2,0.0,0.2,0.715,0.0,0.5405,0.2,0.0,0.2,0.715,0.0,0.5405,0.15,0.0,0.15,0.5362,0.0,0.4054,0.52,0.0,0.1653,0.297,0.2,0.3407,0.059,0.6,0.7407,0.8414,0.4407,0.3298,0.3242,0.1181,0.123,0.2,0.3929
2025-12-17,224,0.1696,0.0223,0.1964,224,0.0,0.0,0.0,0.0,0.0,0.0,0.4,0.1,0.5,2.3579,4.48,2.5455,0.45,0.05,0.5,2.6526,2.24,2.5455,0.2,0.0,0.2,1.1789,0.0,1.0182,0.4,0.1,0.5,2.3579,4.48,2.5455,0.4,0.05,0.45,2.3579,2.24,2.2909,0.0,0.0,0.0,0.0,0.0,0.0,0.2,0.0,0.2,1.1789,0.0,1.0182,0.1,0.0,0.1,0.5895,0.0,0.5091,0.527,0.0,0.0424,0.29,0.0,0.2615,0.036,0.4,0.125,0.9152,0.3623,0.2123,0.218,0.0131,0.147,0.6,0.4545
2025-12-18,453,0.2296,0.0618,0.3024,453,0.8,0.6,1.4,3.4846,9.7071,4.6292,0.6,0.4,1.0,2.6135,6.4714,3.3066,0.5,0.3,0.85,2.1779,4.8536,2.8106,1.0,0.8,1.8,4.3558,12.9429,5.9518,0.5,0.4,0.9,2.1779,6.4714,2.9759,0.4,0.25,0.65,1.7423,4.0446,2.1493,0.0,0.0,0.0,0.0,0.0,0.0,0.2,0.0,0.2,0.8712,0.0,0.6613,0.15,0.0,0.15,0.6534,0.0,0.496,0.539,0.1,0.082,0.28,0.0,0.2913,0.06,0.7,0.5185,0.8521,0.4357,0.2502,0.2328,0.0321,0.121,0.2,0.6
2025-12-19,226,0.2743,0.0752,0.3584,226,0.8,0.4,1.2,2.9161,5.3176,3.3481,0.8,0.5,1.3,2.9161,6.6471,3.6272,0.65,0.35,1.0,2.3694,4.6529,2.7901,0.8,0.4,1.2,2.9161,5.3176,3.3481,0.8,0.5,1.3,2.9161,6.6471,3.6272,0.7,0.35,1.05,2.5516,4.6529,2.9296,0.2,0.0,0.2,0.729,0.0,0.558,0.2,0.0,0.2,0.729,0.0,0.558,0.2,0.05,0.25,0.729,0.6647,0.6975,0.509,0.0,0.1043,0.288,0.1,0.3692,0.044,0.3,0.6,0.8451,0.4106,0.3527,0.345,0.1626,0.159,0.6,0.5556
2025-12-20,587,0.339,0.0784,0.4293,587,0.4,0.2,0.6,1.1799,2.5522,1.3976,0.4,0.1,0.5,1.1799,1.2761,1.1647,0.35,0.05,0.4,1.0324,0.638,0.9317,0.6,0.2,0.8,1.7698,2.5522,1.8635,0.5,0.1,0.6,1.4749,1.2761,1.3976,0.45,0.05,0.5,1.3274,0.638,1.1647,0.0,0.0,0.0,0.0,0.0,0.0,0.1,0.0,0.1,0.295,0.0,0.2329,0.1,0.0,0.1,0.295,0.0,0.2329,0.542,0.0,0.2296,0.264,0.0,0.4387,0.053,0.7,0.6452,0.7836,0.4662,0.2996,0.2982,0.1914,0.141,0.3,0.4578
2025-12-21,410,0.261,0.0854,0.3683,410,0.8,0.0,0.8,3.0654,0.0,2.1722,0.7,0.1,0.8,2.6822,1.1714,2.1722,0.6,0.15,0.8,2.2991,1.7571,2.1722,0.8,0.2,1.0,3.0654,2.3429,2.7152,0.6,0.1,0.7,2.2991,1.1714,1.9007,0.55,0.2,0.85,2.1075,2.3429,2.3079,0.2,0.0,0.2,0.7664,0.0,0.543,0.1,0.0,0.1,0.3832,0.0,0.2715,0.05,0.0,0.05,0.1916,0.0,0.1358,0.495,0.0,0.1182,0.283,0.0,0.319,0.061,0.6,0.52,0.8463,0.4793,0.2985,0.2801,0.0527,0.161,0.4,0.5
2025-12-22,176,0.2614,0.0511,0.3182,176,0.4,0.4,0.8,1.5304,7.8222,2.5143,0.3,0.2,0.5,1.1478,3.9111,1.5714,0.35,0.15,0.5,1.3391,2.9333,1.5714,0.4,0.2,0.6,1.5304,3.9111,1.8857,0.5,0.3,0.8,1.913,5.8667,2.5143,0.3,0.15,0.45,1.1478,2.9333,1.4143,0.0,0.0,0.0,0.0,0.0,0.0,0.0,0.0,0.0,0.0,0.0,0.0,0.05,0.0,0.05,0.1913,0.0,0.1571,0.506,0.0,0.1461,0.347,0.4,0.3607,0.034,0.3,0.6667,0.8466,0.5045,0.1918,0.1898,0.0023,0.114,0.3,0.35
2025-12-23,592,0.2635,0.0726,0.3615,592,0.4,0.4,1.6,1.5179,5.507,4.4262,0.5,0.2,1.1,1.8974,2.7535,3.043,0.6,0.15,0.95,2.2769,2.0651,2.628,0.4,0.2,1.2,1.5179,2.7535,3.3196,0.5,0.3,1.2,1.8974,4.1302,3.3196,0.45,0.25,0.95,1.7077,3.4419,2.628,0.2,0.0,0.2,0.759,0.0,0.5533,0.1,0.0,0.1,0.3795,0.0,0.2766,0.15,0.0,0.15,0.5692,0.0,0.415,0.527,0.0,0.141,0.27,0.2,0.3,0.046,0.4,0.5556,0.8581,0.4677,0.318,0.3101,0.056,0.157,0.4,0.5269
2025-12-27,591,0.2826,0.0846,0.3926,591,0.8,0.0,0.8,2.8311,0.0,2.0379,0.5,0.0,0.5,1.7695,0.0,1.2737,0.45,0.15,0.65,1.5925,1.773,1.6558,0.6,0.0,0.6,2.1234,0.0,1.5284,0.5,0.0,0.5,1.7695,0.0,1.2737,0.5,0.2,0.75,1.7695,2.364,1.9106,0.0,0.0,0.0,0.0,0.0,0.0,0.1,0.0,0.1,0.3539,0.0,0.2547,0.2,0.05,0.25,0.7078,0.591,0.6369,0.518,0.0,0.1601,0.283,0.0,0.3593,0.049,0.6,0.7241,0.824,0.4855,0.2711,0.2676,0.0762,0.151,0.4,0.4157
2025-12-28,230,0.2913,0.0783,0.387,230,0.8,0.2,1.0,2.7463,2.5556,2.5843,0.7,0.4,1.2,2.403,5.1111,3.1011,0.6,0.3,0.95,2.0597,3.8333,2.4551,0.6,0.0,0.6,2.0597,0.0,1.5506,0.7,0.4,1.2,2.403,5.1111,3.1011,0.55,0.3,0.9,1.8881,3.8333,2.3258,0.2,0.0,0.2,0.6866,0.0,0.5169,0.1,0.0,0.1,0.3433,0.0,0.2584,0.2,0.0,0.2,0.6866,0.0,0.5169,0.509,0.0,0.188,0.339,0.4,0.3974,0.048,0.3,0.3636,0.8261,0.4828,0.298,0.3009,0.1467,0.104,0.3,0.4167
2025-12-29,494,0.2895,0.0567,0.3623,494,0.4,0.4,1.0,1.3818,7.0571,2.7598,0.5,0.2,0.8,1.7273,3.5286,2.2078,0.4,0.15,0.6,1.3818,2.6464,1.6559,0.4,0.4,1.0,1.3818,7.0571,2.7598,0.3,0.2,0.6,1.0364,3.5286,1.6559,0.35,0.1,0.5,1.2091,1.7643,1.3799,0.2,0.0,0.2,0.6909,0.0,0.552,0.1,0.0,0.1,0.3455,0.0,0.276,0.25,0.05,0.3,0.8636,0.8821,0.8279,0.496,0.0,0.151,0.298,0.0,0.3265,0.043,0.6,0.619,0.836,0.4725,0.277,0.2699,0.0676,0.164,0.4,0.5556
2025-12-30,227,0.2555,0.0881,0.3436,227,0.8,0.2,1.0,3.131,2.27,2.9103,0.8,0.3,1.1,3.131,3.405,3.2013,0.6,0.25,0.85,2.3483,2.8375,2.4737,1.0,0.2,1.2,3.9138,2.27,3.4923,0.8,0.2,1.0,3.131,2.27,2.9103,0.55,0.25,0.8,2.1526,2.8375,2.3282,0.2,0.0,0.2,0.7828,0.0,0.5821,0.1,0.0,0.1,0.3914,0.0,0.291,0.1,0.0,0.1,0.3914,0.0,0.291,0.498,0.0,0.1327,0.348,0.2,0.3291,0.026,0.2,0.8333,0.8546,0.4664,0.2593,0.2597,0.0765,0.128,0.6,0.4138
2025-12-31,449,0.2873,0.069,0.3719,449,0.6,0.4,1.0,2.0884,5.7935,2.6886,0.5,0.4,1.1,1.7403,5.7935,2.9575,0.4,0.35,0.9,1.3922,5.0694,2.4198,0.8,0.6,1.8,2.7845,8.6903,4.8395,0.6,0.5,1.3,2.0884,7.2419,3.4952,0.45,0.35,0.95,1.5663,5.0694,2.5542,0.2,0.0,0.2,0.6961,0.0,0.5377,0.2,0.0,0.2,0.6961,0.0,0.5377,0.15,0.0,0.15,0.5221,0.0,0.4033,0.497,0.0,0.1614,0.278,0.0,0.312,0.062,0.7,0.6429,0.8285,0.4894,0.2194,0.2146,0.0346,0.163,0.3,0.4932
2026-01-01,363,0.3361,0.1129,0.4931,363,1.0,0.6,1.8,2.9754,5.3122,3.6503,0.9,0.5,1.5,2.6779,4.4268,3.0419,0.7,0.35,1.2,2.0828,3.0988,2.4335,1.0,0.6,1.8,2.9754,5.3122,3.6503,0.9,0.6,1.8,2.6779,5.3122,3.6503,0.65,0.3,1.1,1.934,2.6561,2.2307,0.0,0.0,0.0,0.0,0.0,0.0,0.0,0.0,0.0,0.0,0.0,0.0,0.15,0.0,0.15,0.4463,0.0,0.3042,0.518,0.0,0.1596,0.298,0.1,0.4815,0.039,0.4,0.8571,0.8044,0.5125,0.3369,0.3068,0.0655,0.146,0.5,0.5283
2026-01-02,136,0.3235,0.0882,0.4412,136,0.8,0.2,1.4,2.4727,2.2667,3.1733,0.7,0.4,1.4,2.1636,4.5333,3.1733,0.65,0.3,1.15,2.0091,3.4,2.6067,0.8,0.4,1.6,2.4727,4.5333,3.6267,0.7,0.4,1.4,2.1636,4.5333,3.1733,0.6,0.3,1.1,1.8545,3.4,2.4933,0.6,0.0,0.6,1.8545,0.0,1.36,0.3,0.0,0.3,0.9273,0.0,0.68,0.45,0.0,0.45,1.3909,0.0,1.02,0.471,0.0,0.1406,0.346,0.1,0.3191,0.044,0.5,1.0,0.8309,0.5013,0.3166,0.3041,0.0224,0.14,0.4,0.7368
2026-01-03,274,0.2263,0.0474,0.281,274,0.0,0.0,0.0,0.0,0.0,0.0,0.1,0.1,0.3,0.4419,2.1077,1.0675,0.2,0.1,0.35,0.8839,2.1077,1.2455,0.2,0.0,0.2,0.8839,0.0,0.7117,0.1,0.0,0.1,0.4419,0.0,0.3558,0.2,0.05,0.25,0.8839,1.0538,0.8896,0.0,0.0,0.0,0.0,0.0,0.0,0.2,0.0,0.2,0.8839,0.0,0.7117,0.15,0.0,0.15,0.6629,0.0,0.5338,0.518,0.0,0.1268,0.281,0.1,0.2727,0.044,0.2,0.5,0.8285,0.4914,0.1372,0.1186,-0.0333,0.157,0.7,0.3953
2026-01-04,144,0.2986,0.0903,0.4375,144,0.8,0.2,1.0,2.6791,2.2154,2.2857,0.7,0.2,1.0,2.3442,2.2154,2.2857,0.65,0.35,1.2,2.1767,3.8769,2.7429,0.8,0.2,1.0,2.6791,2.2154,2.2857,0.6,0.2,0.9,2.0093,2.2154,2.0571,0.55,0.2,0.95,1.8419,2.2154,2.1714,0.0,0.0,0.0,0.0,0.0,0.0,0.2,0.1,0.3,0.6698,1.1077,0.6857,0.25,0.15,0.4,0.8372,1.6615,0.9143,0.486,0.0,0.1571,0.319,0.2,0.3478,0.042,0.3,0.6667,0.8472,0.4597,0.4655,0.4346,0.2542,0.153,0.5,0.5455
2026-01-05,167,0.1677,0.024,0.1976,167,0.4,0.2,0.6,2.3857,8.35,3.0364,0.2,0.1,0.3,1.1929,4.175,1.5182,0.25,0.05,0.3,1.4911,2.0875,1.5182,0.2,0.0,0.2,1.1929,0.0,1.0121,0.2,0.1,0.3,1.1929,4.175,1.5182,0.2,0.05,0.25,1.1929,2.0875,1.2652,0.0,0.0,0.0,0.0,0.0,0.0,0.0,0.0,0.0,0.0,0.0,0.0,0.1,0.0,0.1,0.5964,0.0,0.5061,0.449,0.0,0.08,0.317,0.1,0.2075,0.054,0.6,0.2222,0.8503,0.4394,0.0495,0.0462,-0.0225,0.18,0.3,0.3
2026-01-13,455,0.2374,0.0505,0.3011,455,0.0,0.0,0.0,0.0,0.0,0.0,0.2,0.0,0.2,0.8426,0.0,0.6642,0.3,0.05,0.35,1.2639,0.9891,1.1624,0.4,0.2,0.6,1.6852,3.9565,1.9927,0.2,0.1,0.3,0.8426,1.9783,0.9964,0.35,0.05,0.4,1.4745,0.9891,1.3285,0.0,0.0,0.0,0.0,0.0,0.0,0.0,0.0,0.0,0.0,0.0,0.0,0.05,0.0,0.05,0.2106,0.0,0.1661,0.505,0.0,0.1435,0.288,0.3,0.2977,0.046,0.3,0.3333,0.811,0.4621,0.143,0.1244,-0.006,0.16,0.4,0.3973
2026-01-14,181,0.2873,0.1326,0.4475,181,1.0,0.4,1.4,3.4808,3.0167,3.1284,0.9,0.4,1.3,3.1327,3.0167,2.9049,0.65,0.3,1.0,2.2625,2.2625,2.2346,1.0,0.4,1.4,3.4808,3.0167,3.1284,0.9,0.3,1.2,3.1327,2.2625,2.6815,0.7,0.25,1.0,2.4365,1.8854,2.2346,0.2,0.0,0.2,0.6962,0.0,0.4469,0.2,0.0,0.2,0.6962,0.0,0.4469,0.2,0.0,0.2,0.6962,0.0,0.4469,0.486,0.0,0.0909,0.298,0.1,0.3519,0.022,0.2,1.0,0.8232,0.4832,0.3566,0.3371,0.0733,0.193,0.7,0.6
2026-01-15,458,0.2642,0.0699,0.3515,458,0.6,0.0,0.6,2.2711,0.0,1.7068,0.7,0.2,1.4,2.6496,2.8625,3.9826,0.6,0.2,1.2,2.2711,2.8625,3.4137,0.6,0.0,0.6,2.2711,0.0,1.7068,0.7,0.2,1.4,2.6496,2.8625,3.9826,0.6,0.2,1.1,2.2711,2.8625,3.1292,0.0,0.0,0.0,0.0,0.0,0.0,0.0,0.0,0.0,0.0,0.0,0.0,0.0,0.0,0.0,0.0,0.0,0.0,0.517,0.0,0.1139,0.273,0.1,0.304,0.046,0.6,0.5714,0.8297,0.4647,0.253,0.2441,-0.0079,0.164,0.3,0.5867
2026-01-16,225,0.2711,0.1022,0.4089,225,0.8,0.0,0.8,2.9508,0.0,1.9565,0.6,0.0,0.6,2.2131,0.0,1.4674,0.6,0.1,0.75,2.2131,0.9783,1.8342,1.0,0.2,1.2,3.6885,1.9565,2.9348,0.7,0.1,0.8,2.582,0.9783,1.9565,0.5,0.1,0.65,1.8443,0.9783,1.5897,0.4,0.0,0.4,1.4754,0.0,0.9783,0.2,0.0,0.2,0.7377,0.0,0.4891,0.15,0.0,0.15,0.5533,0.0,0.3668,0.507,0.0,0.1228,0.289,0.2,0.3077,0.058,0.2,0.8462,0.8133,0.5284,0.0913,0.0702,-0.0963,0.147,0.6,0.4848
2026-01-17,591,0.3198,0.0981,0.4416,591,0.8,0.0,0.8,2.5016,0.0,1.8115,0.9,0.2,1.2,2.8143,2.0379,2.7172,0.85,0.25,1.2,2.6579,2.5474,2.7172,0.8,0.2,1.2,2.5016,2.0379,2.7172,0.7,0.2,1.0,2.1889,2.0379,2.2644,0.75,0.3,1.25,2.3452,3.0569,2.8305,0.2,0.0,0.2,0.6254,0.0,0.4529,0.2,0.0,0.2,0.6254,0.0,0.4529,0.25,0.0,0.25,0.7817,0.0,0.5661,0.514,0.0,0.1678,0.283,0.0,0.3413,0.034,0.4,0.8,0.8173,0.5127,0.3513,0.3361,0.0904,0.169,0.6,0.65
2026-01-18,134,0.291,0.0672,0.3657,134,0.6,0.2,0.8,2.0615,2.9778,2.1878,0.6,0.1,0.7,2.0615,1.4889,1.9143,0.7,0.15,0.9,2.4051,2.2333,2.4612,0.8,0.0,0.8,2.7487,0.0,2.1878,0.8,0.1,0.9,2.7487,1.4889,2.4612,0.6,0.05,0.65,2.0615,0.7444,1.7776,0.2,0.0,0.2,0.6872,0.0,0.5469,0.2,0.0,0.2,0.6872,0.0,0.5469,0.25,0.0,0.25,0.859,0.0,0.6837,0.485,0.0,0.1846,0.299,0.0,0.225,0.082,0.5,0.6364,0.8881,0.432,0.3955,0.3774,0.0925,0.134,0.5,0.6111
2026-01-19,459,0.244,0.0675,0.3181,459,0.6,0.4,1.0,2.4589,5.9226,3.1438,0.7,0.4,1.1,2.8687,5.9226,3.4582,0.6,0.45,1.05,2.4589,6.6629,3.301,0.8,0.4,1.2,3.2786,5.9226,3.7726,0.7,0.5,1.2,2.8687,7.4032,3.7726,0.5,0.35,0.85,2.0491,5.1823,2.6723,0.4,0.0,0.4,1.6393,0.0,1.2575,0.3,0.0,0.3,1.2295,0.0,0.9432,0.2,0.0,0.2,0.8196,0.0,0.6288,0.521,0.0,0.1548,0.272,0.0,0.232,0.037,0.5,0.5882,0.8693,0.4501,0.2718,0.2675,0.0773,0.17,0.5,0.4615
2026-01-20,362,0.2597,0.0829,0.3674,362,0.8,0.6,1.4,3.0809,7.24,3.8105,0.7,0.4,1.1,2.6957,4.8267,2.994,0.6,0.25,0.85,2.3106,3.0167,2.3135,0.8,0.4,1.2,3.0809,4.8267,3.2662,0.8,0.3,1.1,3.0809,3.62,2.994,0.65,0.25,0.9,2.5032,3.0167,2.4496,0.0,0.0,0.0,0.0,0.0,0.0,0.1,0.0,0.1,0.3851,0.0,0.2722,0.2,0.05,0.3,0.7702,0.6033,0.8165,0.506,0.0,0.1038,0.276,0.0,0.33,0.058,0.8,0.619,0.8315,0.4714,0.2833,0.2773,0.1277,0.16,0.2,0.5
2026-01-21,272,0.2316,0.0662,0.3088,272,0.4,0.0,0.4,1.727,0.0,1.2952,0.5,0.2,0.8,2.1587,3.0222,2.5905,0.55,0.2,0.8,2.3746,3.0222,2.5905,0.4,0.0,0.4,1.727,0.0,1.2952,0.5,0.1,0.6,2.1587,1.5111,1.9429,0.55,0.15,0.75,2.3746,2.2667,2.4286,0.2,0.0,0.2,0.8635,0.0,0.6476,0.1,0.0,0.1,0.4317,0.0,0.3238,0.1,0.05,0.15,0.4317,0.7556,0.4857,0.511,0.0,0.1079,0.294,0.1,0.3,0.026,0.4,0.5714,0.8493,0.4715,0.2533,0.2438,0.0319,0.169,0.5,0.4348
2026-01-22,363,0.27,0.0468,0.3333,363,0.2,0.2,0.6,0.7408,4.2706,1.8,0.2,0.1,0.4,0.7408,2.1353,1.2,0.35,0.15,0.65,1.2964,3.2029,1.95,0.4,0.2,0.8,1.4816,4.2706,2.4,0.4,0.2,0.8,1.4816,4.2706,2.4,0.35,0.2,0.7,1.2964,4.2706,2.1,0.2,0.0,0.2,0.7408,0.0,0.6,0.2,0.0,0.2,0.7408,0.0,0.6,0.25,0.05,0.3,0.926,1.0676,0.9,0.504,0.0,0.1257,0.253,0.2,0.3587,0.066,0.4,0.4583,0.8375,0.4127,0.3529,0.3399,0.1088,0.176,0.4,0.4844
2026-01-23,364,0.2885,0.0632,0.3654,364,0.6,0.0,0.6,2.08,0.0,1.6421,0.4,0.0,0.4,1.3867,0.0,1.0947,0.6,0.05,0.65,2.08,0.7913,1.7789,0.6,0.0,0.6,2.08,0.0,1.6421,0.5,0.0,0.5,1.7333,0.0,1.3684,0.6,0.05,0.65,2.08,0.7913,1.7789,0.2,0.0,0.2,0.6933,0.0,0.5474,0.2,0.0,0.2,0.6933,0.0,0.5474,0.3,0.0,0.3,1.04,0.0,0.8211,0.522,0.0,0.1474,0.305,0.4,0.4054,0.041,0.4,0.5333,0.8077,0.4424,0.2402,0.2312,0.0681,0.132,0.2,0.5
2026-01-24,407,0.3022,0.1081,0.4595,407,0.8,0.2,1.0,2.6472,1.85,2.1765,0.8,0.3,1.1,2.6472,2.775,2.3941,0.65,0.25,0.9,2.1508,2.3125,1.9588,0.8,0.2,1.0,2.6472,1.85,2.1765,0.7,0.3,1.0,2.3163,2.775,2.1765,0.7,0.35,1.05,2.3163,3.2375,2.2853,0.4,0.0,0.4,1.3236,0.0,0.8706,0.2,0.0,0.2,0.6618,0.0,0.4353,0.2,0.0,0.2,0.6618,0.0,0.4353,0.494,0.0,0.1144,0.285,0.0,0.3621,0.069,0.7,0.8571,0.8428,0.4777,0.4446,0.4377,0.0855,0.152,0.3,0.5484
2026-01-25,275,0.2691,0.0691,0.3527,275,0.4,0.0,0.4,1.4865,0.0,1.134,0.6,0.1,0.7,2.2297,1.4474,1.9845,0.45,0.1,0.55,1.6723,1.4474,1.5593,0.4,0.2,0.6,1.4865,2.8947,1.701,0.5,0.1,0.6,1.8581,1.4474,1.701,0.45,0.05,0.5,1.6723,0.7237,1.4175,0.2,0.0,0.2,0.7432,0.0,0.567,0.1,0.0,0.1,0.3716,0.0,0.2835,0.2,0.1,0.3,0.7432,1.4474,0.8505,0.498,0.0,0.1387,0.295,0.0,0.321,0.033,0.4,0.4444,0.7964,0.5149,0.1652,0.1628,0.0048,0.175,0.6,0.5208
2026-01-26,184,0.2663,0.0652,0.3587,184,0.8,0.6,1.8,3.0041,9.2,5.0182,0.7,0.3,1.2,2.6286,4.6,3.3455,0.6,0.3,1.05,2.2531,4.6,2.9273,0.8,0.6,1.8,3.0041,9.2,5.0182,0.7,0.4,1.3,2.6286,6.1333,3.6242,0.6,0.3,1.05,2.2531,4.6,2.9273,0.0,0.0,0.0,0.0,0.0,0.0,0.1,0.0,0.1,0.3755,0.0,0.2788,0.1,0.0,0.1,0.3755,0.0,0.2788,0.495,0.0,0.1209,0.321,0.0,0.2542,0.071,0.6,0.7692,0.8315,0.4989,0.2601,0.2577,0.024,0.114,0.4,0.619
2026-01-27,453,0.2826,0.064,0.3709,453,0.4,0.4,1.2,1.4156,6.2483,3.2357,0.5,0.2,0.9,1.7695,3.1241,2.4268,0.5,0.2,0.9,1.7695,3.1241,2.4268,0.4,0.2,1.0,1.4156,3.1241,2.6964,0.5,0.3,1.1,1.7695,4.6862,2.9661,0.35,0.15,0.65,1.2387,2.3431,1.7527,0.0,0.0,0.0,0.0,0.0,0.0,0.2,0.0,0.2,0.7078,0.0,0.5393,0.2,0.0,0.2,0.7078,0.0,0.5393,0.514,0.0,0.1202,0.287,0.0,0.3308,0.055,0.7,0.6,0.8234,0.4388,0.3266,0.3121,0.0679,0.143,0.3,0.6462
2026-01-28,137,0.365,0.073,0.4526,137,0.8,0.4,1.2,2.192,5.48,2.6516,0.8,0.3,1.1,2.192,4.11,2.4306,0.65,0.2,0.85,1.781,2.74,1.8782,1.0,0.6,1.6,2.74,8.22,3.5355,0.7,0.3,1.0,1.918,4.11,2.2097,0.65,0.2,0.85,1.781,2.74,1.8782,0.4,0.0,0.4,1.096,0.0,0.8839,0.3,0.0,0.3,0.822,0.0,0.6629,0.55,0.05,0.6,1.507,0.685,1.3258,0.489,0.0,0.2239,0.277,0.1,0.5,0.044,0.3,0.5,0.8759,0.4768,0.4152,0.4182,0.251,0.19,0.6,0.5
2026-01-29,680,0.2838,0.075,0.3838,680,1.0,0.4,1.6,3.5233,5.3333,4.1686,0.8,0.2,1.1,2.8187,2.6667,2.8659,0.7,0.15,0.9,2.4663,2.0,2.3448,0.8,0.2,1.2,2.8187,2.6667,3.1264,0.8,0.2,1.1,2.8187,2.6667,2.8659,0.6,0.1,0.75,2.114,1.3333,1.954,0.0,0.0,0.0,0.0,0.0,0.0,0.1,0.0,0.1,0.3523,0.0,0.2605,0.15,0.05,0.2,0.5285,0.6667,0.5211,0.506,0.0,0.1453,0.297,0.1,0.3465,0.06,0.8,0.6098,0.8515,0.4685,0.345,0.3358,0.0871,0.137,0.1,0.5161
2026-01-30,46,0.1957,0.1087,0.3478,46,1.0,0.6,2.0,5.1111,5.52,5.75,0.5,0.3,1.0,2.5556,2.76,2.875,0.4,0.25,0.75,2.0444,2.3,2.1562,0.8,0.6,1.8,4.0889,5.52,5.175,0.5,0.3,1.0,2.5556,2.76,2.875,0.35,0.2,0.65,1.7889,1.84,1.8688,0.2,0.2,0.4,1.0222,1.84,1.15,0.2,0.1,0.3,1.0222,0.92,0.8625,0.3,0.15,0.55,1.5333,1.38,1.5813,0.435,0.0,0.05,0.413,0.5,0.2105,0.022,0.1,1.0,0.8913,0.4087,0.5551,0.5306,0.2085,0.13,0.4,0.5
2026-01-31,637,0.3077,0.0612,0.3783,637,1.0,0.2,1.2,3.25,3.2667,3.1718,0.7,0.2,0.9,2.275,3.2667,2.3788,0.6,0.15,0.75,1.95,2.45,1.9824,1.0,0.2,1.2,3.25,3.2667,3.1718,0.8,0.2,1.0,2.6,3.2667,2.6432,0.6,0.1,0.7,1.95,1.6333,1.8502,0.0,0.0,0.0,0.0,0.0,0.0,0.1,0.0,0.1,0.325,0.0,0.2643,0.15,0.0,0.15,0.4875,0.0,0.3965,0.495,0.0,0.1429,0.295,0.0,0.3936,0.053,0.9,0.6176,0.8587,0.4467,0.3585,0.3468,0.0925,0.157,0.1,0.56
2026-02-01,180,0.2833,0.0722,0.4,180,0.8,0.4,1.6,2.8235,5.5385,4.0,0.7,0.4,1.4,2.4706,5.5385,3.5,0.5,0.25,1.05,1.7647,3.4615,2.625,0.6,0.4,1.4,2.1176,5.5385,3.5,0.6,0.4,1.3,2.1176,5.5385,3.25,0.5,0.25,1.05,1.7647,3.4615,2.625,0.0,0.0,0.0,0.0,0.0,0.0,0.1,0.0,0.1,0.3529,0.0,0.25,0.25,0.1,0.4,0.8824,1.3846,1.0,0.506,0.0,0.1538,0.317,0.4,0.3158,0.044,0.4,0.75,0.8222,0.4869,0.2425,0.2207,0.0477,0.133,0.2,0.5417
2026-02-02,450,0.3022,0.0978,0.4356,450,0.2,0.2,0.6,0.6618,2.0455,1.3776,0.3,0.2,0.6,0.9926,2.0455,1.3776,0.45,0.15,0.75,1.489,1.5341,1.7219,0.6,0.2,1.0,1.9853,2.0455,2.2959,0.5,0.3,1.1,1.6544,3.0682,2.5255,0.6,0.25,1.0,1.9853,2.5568,2.2959,0.0,0.0,0.0,0.0,0.0,0.0,0.1,0.0,0.1,0.3309,0.0,0.2296,0.2,0.0,0.2,0.6618,0.0,0.4592,0.489,0.0,0.15,0.3,0.1,0.3704,0.056,0.4,0.68,0.8333,0.5064,0.3418,0.3302,0.0942,0.156,0.5,0.5143
2026-02-03,273,0.2418,0.0769,0.3333,273,0.6,0.0,0.6,2.4818,0.0,1.8,0.6,0.1,0.7,2.4818,1.3,2.1,0.6,0.2,0.8,2.4818,2.6,2.4,0.8,0.0,0.8,3.3091,0.0,2.4,0.5,0.0,0.5,2.0682,0.0,1.5,0.45,0.1,0.55,1.8614,1.3,1.65,0.0,0.0,0.0,0.0,0.0,0.0,0.1,0.0,0.1,0.4136,0.0,0.3,0.1,0.05,0.15,0.4136,0.65,0.45,0.476,0.0,0.1,0.33,0.1,0.3556,0.055,0.5,0.4667,0.8645,0.4905,0.2384,0.2332,0.0917,0.139,0.4,0.3684
2026-02-04,689,0.2642,0.0595,0.3469,689,0.8,0.4,1.2,3.0286,6.722,3.4594,0.5,0.2,0.7,1.8929,3.361,2.018,0.5,0.25,0.85,1.8929,4.2012,2.4504,0.6,0.2,0.8,2.2714,3.361,2.3063,0.6,0.2,0.8,2.2714,3.361,2.3063,0.55,0.2,0.8,2.0821,3.361,2.3063,0.2,0.2,0.4,0.7571,3.361,1.1531,0.2,0.2,0.4,0.7571,3.361,1.1531,0.1,0.1,0.2,0.3786,1.6805,0.5766,0.488,0.0,0.0952,0.318,0.2,0.3333,0.055,0.4,0.5263,0.8549,0.4586,0.2936,0.2811,0.055,0.139,0.4,0.5938
2026-02-05,58,0.1034,0.0517,0.1552,58,0.8,0.2,1.0,7.7333,3.8667,6.4444,0.5,0.2,0.7,4.8333,3.8667,4.5111,0.25,0.1,0.35,2.4167,1.9333,2.2556,0.8,0.2,1.0,7.7333,3.8667,6.4444,0.5,0.2,0.7,4.8333,3.8667,4.5111,0.25,0.1,0.35,2.4167,1.9333,2.2556,0.4,0.2,0.6,3.8667,3.8667,3.8667,0.3,0.2,0.5,2.9,3.8667,3.2222,0.25,0.1,0.35,2.4167,1.9333,2.2556,0.466,0.1,0.037,0.362,0.5,0.1429,0.052,0.2,0.0,0.9483,0.3199,0.3645,0.3546,0.2699,0.121,0.2,0.2857
2026-02-06,60,0.2667,0.0833,0.3833,60,0.6,0.0,0.6,2.25,0.0,1.5652,0.4,0.1,0.6,1.5,1.2,1.5652,0.45,0.2,0.75,1.6875,2.4,1.9565,0.8,0.2,1.2,3.0,2.4,3.1304,0.4,0.1,0.6,1.5,1.2,1.5652,0.4,0.2,0.7,1.5,2.4,1.8261,0.4,0.4,1.0,1.5,4.8,2.6087,0.3,0.2,0.6,1.125,2.4,1.5652,0.4,0.15,0.65,1.5,1.8,1.6957,0.533,0.1,0.2188,0.283,0.4,0.2353,0.033,0.1,0.0,0.8167,0.5137,0.3691,0.3664,0.3507,0.15,0.4,0.5556
2026-02-25,363,0.2727,0.0937,0.3829,363,1.0,0.4,1.6,3.6667,4.2706,4.1784,0.8,0.4,1.4,2.9333,4.2706,3.6561,0.5,0.3,0.9,1.8333,3.2029,2.3504,0.8,0.4,1.4,2.9333,4.2706,3.6561,0.7,0.4,1.3,2.5667,4.2706,3.395,0.55,0.3,0.95,2.0167,3.2029,2.4809,0.0,0.0,0.0,0.0,0.0,0.0,0.1,0.1,0.2,0.3667,1.0676,0.5223,0.2,0.15,0.4,0.7333,1.6015,1.0446,0.485,0.0,0.108,0.306,0.1,0.3874,0.055,0.4,0.55,0.8237,0.4687,0.2792,0.2676,0.101,0.154,0.5,0.4643
2026-02-26,542,0.2749,0.0683,0.3598,542,1.0,0.6,1.6,3.6376,8.7892,4.4472,0.9,0.4,1.3,3.2738,5.8595,3.6133,0.7,0.25,1.05,2.5463,3.6622,2.9185,0.8,0.2,1.0,2.9101,2.9297,2.7795,0.8,0.4,1.2,2.9101,5.8595,3.3354,0.75,0.3,1.15,2.7282,4.3946,3.1964,0.0,0.0,0.0,0.0,0.0,0.0,0.1,0.0,0.1,0.3638,0.0,0.2779,0.15,0.0,0.15,0.5456,0.0,0.4169,0.493,0.0,0.1161,0.306,0.1,0.3012,0.061,0.5,0.7879,0.8506,0.4374,0.2796,0.2736,0.0627,0.14,0.4,0.5526
2026-02-27,181,0.2873,0.0939,0.3978,181,1.0,0.2,1.2,3.4808,2.1294,3.0167,0.7,0.1,0.8,2.4365,1.0647,2.0111,0.5,0.05,0.55,1.7404,0.5324,1.3826,0.8,0.2,1.0,2.7846,2.1294,2.5139,0.8,0.1,0.9,2.7846,1.0647,2.2625,0.5,0.1,0.65,1.7404,1.0647,1.634,0.0,0.0,0.0,0.0,0.0,0.0,0.0,0.0,0.0,0.0,0.0,0.0,0.1,0.0,0.1,0.3481,0.0,0.2514,0.481,0.0,0.092,0.26,0.3,0.4043,0.061,0.5,0.6364,0.8453,0.4876,0.4273,0.4159,0.1057,0.199,0.2,0.5
2026-02-28,590,0.2576,0.0542,0.3271,590,0.4,0.2,0.8,1.5526,3.6875,2.4456,0.4,0.2,0.8,1.5526,3.6875,2.4456,0.4,0.2,0.75,1.5526,3.6875,2.2927,0.4,0.2,0.8,1.5526,3.6875,2.4456,0.5,0.2,0.8,1.9408,3.6875,2.4456,0.55,0.15,0.8,2.1349,2.7656,2.4456,0.2,0.0,0.2,0.7763,0.0,0.6114,0.2,0.0,0.2,0.7763,0.0,0.6114,0.1,0.0,0.1,0.3882,0.0,0.3057,0.49,0.0,0.1384,0.312,0.4,0.2717,0.051,0.4,0.5667,0.8339,0.4575,0.2623,0.2548,0.0517,0.147,0.2,0.5172
2026-03-01,590,0.2763,0.0695,0.361,590,0.4,0.2,0.6,1.4479,2.878,1.662,0.5,0.3,1.0,1.8098,4.3171,2.77,0.65,0.35,1.1,2.3528,5.0366,3.0469,0.6,0.6,1.6,2.1718,8.6341,4.4319,0.6,0.3,1.1,2.1718,4.3171,3.0469,0.65,0.25,1.0,2.3528,3.5976,2.77,0.0,0.0,0.0,0.0,0.0,0.0,0.1,0.0,0.1,0.362,0.0,0.277,0.2,0.1,0.3,0.7239,1.439,0.831,0.5,0.0,0.1254,0.302,0.0,0.382,0.053,0.6,0.6452,0.839,0.4396,0.3107,0.3021,0.1151,0.146,0.4,0.4419
2026-03-02,319,0.2853,0.0627,0.3636,319,0.8,0.6,1.8,2.8044,9.57,4.95,0.8,0.6,1.8,2.8044,9.57,4.95,0.6,0.3,1.1,2.1033,4.785,3.025,0.8,0.6,1.8,2.8044,9.57,4.95,0.7,0.5,1.5,2.4538,7.975,4.125,0.55,0.3,1.05,1.928,4.785,2.8875,0.2,0.0,0.2,0.7011,0.0,0.55,0.2,0.0,0.2,0.7011,0.0,0.55,0.2,0.0,0.2,0.7011,0.0,0.55,0.473,0.0,0.1391,0.313,0.0,0.32,0.047,0.6,0.6667,0.8589,0.4661,0.2855,0.2709,0.0476,0.166,0.4,0.5283
2026-03-03,497,0.2696,0.0684,0.3622,497,1.0,0.4,1.6,3.709,5.8471,4.4178,1.0,0.4,1.5,3.709,5.8471,4.1417,0.7,0.3,1.1,2.5963,4.3853,3.0372,0.8,0.2,1.0,2.9672,2.9235,2.7611,0.9,0.3,1.3,3.3381,4.3853,3.5894,0.7,0.3,1.1,2.5963,4.3853,3.0372,0.0,0.0,0.0,0.0,0.0,0.0,0.0,0.0,0.0,0.0,0.0,0.0,0.05,0.0,0.05,0.1854,0.0,0.1381,0.467,0.0,0.0647,0.304,0.0,0.351,0.058,0.8,0.7586,0.841,0.4669,0.268,0.254,-0.0167,0.171,0.2,0.5176
2026-03-04,99,0.2323,0.101,0.3535,99,0.4,0.0,0.4,1.7217,0.0,1.1314,0.4,0.2,0.8,1.7217,1.98,2.2629,0.35,0.15,0.6,1.5065,1.485,1.6971,0.2,0.0,0.2,0.8609,0.0,0.5657,0.3,0.1,0.5,1.2913,0.99,1.4143,0.35,0.15,0.6,1.5065,1.485,1.6971,0.0,0.0,0.0,0.0,0.0,0.0,0.0,0.0,0.0,0.0,0.0,0.0,0.1,0.05,0.15,0.4304,0.495,0.4243,0.505,0.2,0.14,0.343,0.3,0.3529,0.01,0.1,0.0,0.8182,0.5081,0.1374,0.126,0.0354,0.141,0.4,0.2857
2026-03-05,107,0.2991,0.0841,0.4393,107,1.0,0.6,2.2,3.3438,7.1333,5.0085,0.7,0.4,1.5,2.3406,4.7556,3.4149,0.65,0.25,1.1,2.1734,2.9722,2.5043,1.0,0.6,2.2,3.3438,7.1333,5.0085,0.8,0.4,1.6,2.675,4.7556,3.6426,0.65,0.2,1.05,2.1734,2.3778,2.3904,0.4,0.2,0.6,1.3375,2.3778,1.366,0.6,0.2,1.0,2.0063,2.3778,2.2766,0.4,0.1,0.6,1.3375,1.1889,1.366,0.467,0.0,0.12,0.28,0.0,0.4,0.131,0.7,0.5714,0.8692,0.4499,0.4764,0.4619,0.3446,0.121,0.3,0.4615
2026-03-13,92,0.2391,0.0326,0.2717,92,0.6,0.0,0.6,2.5091,0.0,2.208,0.4,0.0,0.4,1.6727,0.0,1.472,0.35,0.0,0.35,1.4636,0.0,1.288,0.6,0.0,0.6,2.5091,0.0,2.208,0.4,0.0,0.4,1.6727,0.0,1.472,0.3,0.0,0.3,1.2545,0.0,1.104,0.2,0.0,0.2,0.8364,0.0,0.736,0.1,0.0,0.1,0.4182,0.0,0.368,0.2,0.0,0.2,0.8364,0.0,0.736,0.511,0.1,0.1277,0.348,0.4,0.2812,0.043,0.3,0.75,0.9022,0.4864,0.217,0.221,0.0465,0.098,0.2,0.4444
2026-03-14,661,0.2284,0.0514,0.2965,661,0.8,0.2,1.2,3.502,3.8882,4.0469,0.7,0.2,1.0,3.0642,3.8882,3.3724,0.55,0.2,0.85,2.4076,3.8882,2.8666,1.0,0.4,1.6,4.3775,7.7765,5.3959,0.8,0.2,1.1,3.502,3.8882,3.7097,0.6,0.2,0.9,2.6265,3.8882,3.0352,0.0,0.0,0.0,0.0,0.0,0.0,0.0,0.0,0.0,0.0,0.0,0.0,0.1,0.0,0.1,0.4377,0.0,0.3372,0.492,0.0,0.1108,0.306,0.1,0.3069,0.048,0.7,0.5,0.8593,0.4263,0.2595,0.2559,0.1021,0.154,0.2,0.3627
2026-03-15,287,0.2787,0.0906,0.3833,287,0.8,0.2,1.0,2.87,2.2077,2.6091,0.8,0.1,0.9,2.87,1.1038,2.3482,0.6,0.1,0.75,2.1525,1.1038,1.9568,0.8,0.2,1.0,2.87,2.2077,2.6091,0.7,0.2,1.0,2.5112,2.2077,2.6091,0.65,0.15,0.85,2.3319,1.6558,2.2177,0.2,0.2,0.4,0.7175,2.2077,1.0436,0.1,0.1,0.2,0.3588,1.1038,0.5218,0.25,0.15,0.4,0.8969,1.6558,1.0436,0.516,0.0,0.1622,0.265,0.3,0.3816,0.056,0.3,0.5625,0.8153,0.4521,0.2769,0.2645,0.1075,0.164,0.4,0.383
2026-03-16,238,0.2983,0.0714,0.3908,238,0.4,0.0,0.4,1.3408,0.0,1.0237,0.5,0.0,0.5,1.6761,0.0,1.2796,0.65,0.15,0.9,2.1789,2.1,2.3032,0.6,0.0,0.6,2.0113,0.0,1.5355,0.7,0.1,0.8,2.3465,1.4,2.0473,0.65,0.15,0.85,2.1789,2.1,2.1753,0.2,0.0,0.2,0.6704,0.0,0.5118,0.2,0.1,0.3,0.6704,1.4,0.7677,0.2,0.1,0.3,0.6704,1.4,0.7677,0.496,0.0,0.1525,0.311,0.5,0.3243,0.05,0.2,0.8333,0.8319,0.4644,0.3325,0.3334,0.106,0.143,0.3,0.5588
2026-03-17,420,0.25,0.0714,0.3548,420,0.4,0.0,0.4,1.6,0.0,1.1275,0.4,0.0,0.4,1.6,0.0,1.1275,0.4,0.05,0.45,1.6,0.7,1.2685,0.4,0.0,0.4,1.6,0.0,1.1275,0.4,0.0,0.4,1.6,0.0,1.1275,0.35,0.05,0.4,1.4,0.7,1.1275,0.0,0.0,0.0,0.0,0.0,0.0,0.0,0.0,0.0,0.0,0.0,0.0,0.0,0.0,0.0,0.0,0.0,0.0,0.49,0.0,0.1019,0.305,0.2,0.3281,0.05,0.3,0.619,0.8381,0.4761,0.2175,0.2021,-0.0286,0.155,0.5,0.4462
2026-03-18,291,0.2371,0.0447,0.299,291,0.8,0.4,1.6,3.3739,8.9538,5.3517,0.4,0.2,0.8,1.687,4.4769,2.6759,0.55,0.2,0.85,2.3196,4.4769,2.8431,0.8,0.4,1.6,3.3739,8.9538,5.3517,0.5,0.2,0.9,2.1087,4.4769,3.0103,0.55,0.2,0.85,2.3196,4.4769,2.8431,0.0,0.0,0.0,0.0,0.0,0.0,0.0,0.0,0.0,0.0,0.0,0.0,0.1,0.0,0.1,0.4217,0.0,0.3345,0.485,0.0,0.1064,0.302,0.3,0.2727,0.034,0.1,0.7,0.8625,0.4152,0.2811,0.2793,0.0732,0.179,0.6,0.4423
2026-03-19,522,0.2318,0.0575,0.2989,522,0.6,0.6,1.4,2.5884,10.44,4.6846,0.6,0.5,1.4,2.5884,8.7,4.6846,0.55,0.35,1.1,2.3727,6.09,3.6808,0.6,0.6,1.4,2.5884,10.44,4.6846,0.6,0.5,1.4,2.5884,8.7,4.6846,0.45,0.35,0.95,1.9413,6.09,3.1788,0.4,0.0,0.4,1.7256,0.0,1.3385,0.2,0.0,0.2,0.8628,0.0,0.6692,0.15,0.0,0.15,0.6471,0.0,0.5019,0.496,0.0,0.1236,0.299,0.2,0.2821,0.052,0.4,0.4815,0.8736,0.4072,0.3174,0.3159,0.1851,0.153,0.4,0.4
2026-03-20,239,0.2259,0.0377,0.2762,239,0.2,0.0,0.2,0.8852,0.0,0.7242,0.3,0.1,0.4,1.3278,2.6556,1.4485,0.25,0.1,0.35,1.1065,2.6556,1.2674,0.2,0.0,0.2,0.8852,0.0,0.7242,0.3,0.1,0.4,1.3278,2.6556,1.4485,0.25,0.1,0.35,1.1065,2.6556,1.2674,0.4,0.0,0.4,1.7704,0.0,1.4485,0.3,0.0,0.3,1.3278,0.0,1.0864,0.15,0.0,0.15,0.6639,0.0,0.5432,0.49,0.0,0.1368,0.293,0.1,0.2286,0.033,0.2,0.5,0.8326,0.4408,0.2114,0.1962,0.0565,0.184,0.7,0.4091
2026-03-21,527,0.2524,0.0588,0.3378,527,1.0,1.0,2.6,3.9624,17.0,7.6978,0.9,0.5,1.7,3.5662,8.5,5.0331,0.8,0.3,1.25,3.1699,5.1,3.7008,1.0,0.8,2.4,3.9624,13.6,7.1056,0.9,0.5,1.7,3.5662,8.5,5.0331,0.8,0.25,1.2,3.1699,4.25,3.5528,0.2,0.0,0.2,0.7925,0.0,0.5921,0.2,0.0,0.2,0.7925,0.0,0.5921,0.2,0.0,0.2,0.7925,0.0,0.5921,0.499,0.0,0.1065,0.296,0.0,0.2756,0.047,0.6,0.72,0.8634,0.354,0.4267,0.4188,0.2701,0.157,0.4,0.5301
2026-03-22,430,0.2535,0.0419,0.3023,430,0.4,0.2,0.6,1.578,4.7778,1.9846,0.3,0.2,0.5,1.1835,4.7778,1.6538,0.5,0.15,0.7,1.9725,3.5833,2.3154,0.4,0.4,0.8,1.578,9.5556,2.6462,0.4,0.2,0.6,1.578,4.7778,1.9846,0.5,0.2,0.75,1.9725,4.7778,2.4808,0.2,0.0,0.2,0.789,0.0,0.6615,0.1,0.0,0.1,0.3945,0.0,0.3308,0.1,0.0,0.1,0.3945,0.0,0.3308,0.507,0.0,0.1193,0.286,0.2,0.3171,0.035,0.5,0.5333,0.8442,0.4189,0.2755,0.2723,0.1046,0.172,0.3,0.4865
2026-03-23,50,0.16,0.0,0.16,50,0.0,0.0,0.0,0.0,,0.0,0.2,0.0,0.2,1.25,,1.25,0.25,0.0,0.25,1.5625,,1.5625,0.0,0.0,0.0,0.0,,0.0,0.1,0.0,0.1,0.625,,0.625,0.25,0.0,0.25,1.5625,,1.5625,0.6,0.0,0.6,3.75,,3.75,0.4,0.0,0.4,2.5,,2.5,0.35,0.0,0.35,2.1875,,2.1875,0.54,0.0,0.1852,0.24,0.4,0.0833,0.04,0.1,0.0,0.88,0.3559,0.2208,0.2273,0.4053,0.18,0.5,0.2222
2026-03-24,720,0.2847,0.0653,0.3639,720,1.0,0.4,1.4,3.5122,6.1277,3.8473,0.9,0.3,1.3,3.161,4.5957,3.5725,0.85,0.3,1.25,2.9854,4.5957,3.4351,1.0,0.4,1.4,3.5122,6.1277,3.8473,1.0,0.4,1.5,3.5122,6.1277,4.1221,0.85,0.3,1.25,2.9854,4.5957,3.4351,0.0,0.0,0.0,0.0,0.0,0.0,0.2,0.0,0.2,0.7024,0.0,0.5496,0.3,0.0,0.3,1.0537,0.0,0.8244,0.499,0.0,0.1309,0.306,0.1,0.3636,0.039,0.4,0.8214,0.8458,0.3971,0.3672,0.3616,0.1677,0.157,0.5,0.4867
2026-03-25,100,0.25,0.09,0.36,100,0.4,0.2,0.8,1.6,2.2222,2.2222,0.5,0.1,0.7,2.0,1.1111,1.9444,0.4,0.1,0.55,1.6,1.1111,1.5278,0.4,0.2,0.8,1.6,2.2222,2.2222,0.4,0.1,0.6,1.6,1.1111,1.6667,0.4,0.1,0.55,1.6,1.1111,1.5278,0.0,0.0,0.0,0.0,0.0,0.0,0.1,0.0,0.1,0.4,0.0,0.2778,0.05,0.0,0.05,0.2,0.0,0.1389,0.57,0.1,0.0877,0.23,0.0,0.4783,0.03,0.2,0.6667,0.84,0.4608,0.3038,0.3037,0.0906,0.17,0.7,0.4118
2026-03-26,629,0.2289,0.0668,0.3084,629,0.8,0.6,1.6,3.4944,8.9857,5.1876,0.7,0.5,1.4,3.0576,7.4881,4.5392,0.65,0.45,1.25,2.8392,6.7393,4.0528,0.6,0.4,1.2,2.6208,5.9905,3.8907,0.6,0.5,1.3,2.6208,7.4881,4.2149,0.6,0.35,1.1,2.6208,5.2417,3.5665,0.6,0.4,1.0,2.6208,5.9905,3.2423,0.3,0.2,0.5,1.3104,2.9952,1.6211,0.25,0.1,0.35,1.092,1.4976,1.1348,0.49,0.0,0.0812,0.312,0.2,0.2857,0.041,0.7,0.5385,0.8792,0.4129,0.329,0.3162,0.1101,0.157,0.1,0.4949
2026-03-27,100,0.32,0.05,0.39,100,0.6,0.0,0.6,1.875,0.0,1.5385,0.6,0.3,1.1,1.875,6.0,2.8205,0.5,0.15,0.75,1.5625,3.0,1.9231,0.8,0.2,1.2,2.5,4.0,3.0769,0.6,0.3,1.1,1.875,6.0,2.8205,0.5,0.2,0.8,1.5625,4.0,2.0513,0.8,0.0,0.8,2.5,0.0,2.0513,0.5,0.0,0.5,1.5625,0.0,1.2821,0.6,0.05,0.7,1.875,1.0,1.7949,0.54,0.0,0.2407,0.26,0.2,0.3077,0.04,0.3,1.0,0.81,0.4089,0.4023,0.3999,0.4051,0.16,0.5,0.4375
2026-03-28,728,0.2843,0.0879,0.3901,728,0.6,0.6,1.8,2.1101,6.825,4.6141,0.7,0.6,1.6,2.4618,6.825,4.1014,0.65,0.4,1.25,2.286,4.55,3.2042,0.6,0.4,1.2,2.1101,4.55,3.0761,0.7,0.5,1.5,2.4618,5.6875,3.8451,0.7,0.5,1.4,2.4618,5.6875,3.5887,0.0,0.0,0.0,0.0,0.0,0.0,0.1,0.1,0.2,0.3517,1.1375,0.5127,0.1,0.05,0.15,0.3517,0.5687,0.3845,0.493,0.0,0.1476,0.299,0.0,0.3349,0.043,0.4,0.5806,0.8379,0.4258,0.3652,0.3508,0.2013,0.165,0.6,0.525
2026-03-29,289,0.2145,0.0519,0.2872,289,0.4,0.2,0.8,1.8645,3.8533,2.7855,0.3,0.1,0.5,1.3984,1.9267,1.741,0.3,0.1,0.5,1.3984,1.9267,1.741,0.4,0.0,0.4,1.8645,0.0,1.3928,0.4,0.1,0.6,1.8645,1.9267,2.0892,0.3,0.1,0.5,1.3984,1.9267,1.741,0.4,0.0,0.4,1.8645,0.0,1.3928,0.4,0.0,0.4,1.8645,0.0,1.3928,0.2,0.0,0.2,0.9323,0.0,0.6964,0.522,0.0,0.1325,0.277,0.3,0.175,0.055,0.3,0.5625,0.8443,0.4638,0.2588,0.2533,0.0565,0.145,0.4,0.4524
2026-03-30,243,0.358,0.1276,0.535,243,0.4,0.0,0.4,1.1172,0.0,0.7477,0.5,0.0,0.5,1.3966,0.0,0.9346,0.45,0.1,0.6,1.2569,0.7839,1.1215,0.6,0.0,0.6,1.6759,0.0,1.1215,0.5,0.1,0.7,1.3966,0.7839,1.3085,0.5,0.1,0.65,1.3966,0.7839,1.215,0.2,0.0,0.2,0.5586,0.0,0.3738,0.2,0.0,0.2,0.5586,0.0,0.3738,0.25,0.05,0.3,0.6983,0.3919,0.5608,0.502,0.0,0.1557,0.333,0.2,0.4938,0.012,0.0,1.0,0.8107,0.5693,0.3559,0.3592,0.1335,0.152,0.8,0.6757
2026-03-31,496,0.254,0.0827,0.3609,496,0.6,0.0,0.6,2.3619,0.0,1.6626,0.7,0.1,0.9,2.7556,1.2098,2.4939,0.7,0.15,0.9,2.7556,1.8146,2.4939,0.6,0.0,0.6,2.3619,0.0,1.6626,0.7,0.1,0.8,2.7556,1.2098,2.2168,0.65,0.2,0.9,2.5587,2.4195,2.4939,0.0,0.0,0.0,0.0,0.0,0.0,0.1,0.0,0.1,0.3937,0.0,0.2771,0.25,0.0,0.25,0.9841,0.0,0.6927,0.512,0.0,0.1063,0.284,0.0,0.2695,0.044,0.6,0.6818,0.8488,0.4421,0.3765,0.3625,0.1422,0.159,0.4,0.5823
2026-04-01,225,0.2578,0.0533,0.3156,225,0.2,0.0,0.2,0.7759,0.0,0.6338,0.3,0.0,0.3,1.1638,0.0,0.9507,0.5,0.1,0.6,1.9397,1.875,1.9014,0.0,0.0,0.0,0.0,0.0,0.0,0.3,0.0,0.3,1.1638,0.0,0.9507,0.4,0.0,0.4,1.5517,0.0,1.2676,0.0,0.0,0.0,0.0,0.0,0.0,0.0,0.0,0.0,0.0,0.0,0.0,0.05,0.0,0.05,0.194,0.0,0.1585,0.48,0.0,0.1019,0.316,0.3,0.3239,0.044,0.3,0.5,0.8444,0.4561,0.2855,0.2599,0.0426,0.16,0.4,0.5278
2026-04-02,448,0.2991,0.0938,0.4152,448,0.6,0.2,0.8,2.006,2.1333,1.9269,0.7,0.1,0.8,2.3403,1.0667,1.9269,0.55,0.15,0.7,1.8388,1.6,1.686,0.6,0.2,0.8,2.006,2.1333,1.9269,0.7,0.1,0.8,2.3403,1.0667,1.9269,0.55,0.15,0.7,1.8388,1.6,1.686,0.0,0.0,0.0,0.0,0.0,0.0,0.1,0.0,0.1,0.3343,0.0,0.2409,0.1,0.05,0.2,0.3343,0.5333,0.4817,0.502,0.0,0.1422,0.292,0.0,0.3359,0.049,0.5,0.6818,0.8103,0.4804,0.2476,0.239,0.0022,0.156,0.5,0.6143
2026-04-03,228,0.3246,0.0921,0.4342,228,0.4,0.0,0.4,1.2324,0.0,0.9212,0.3,0.0,0.3,0.9243,0.0,0.6909,0.45,0.1,0.6,1.3865,1.0857,1.3818,0.4,0.0,0.4,1.2324,0.0,0.9212,0.5,0.2,0.8,1.5405,2.1714,1.8424,0.35,0.1,0.5,1.0784,1.0857,1.1515,0.0,0.0,0.0,0.0,0.0,0.0,0.1,0.0,0.1,0.3081,0.0,0.2303,0.1,0.0,0.1,0.3081,0.0,0.2303,0.5,0.0,0.1228,0.32,0.4,0.4521,0.018,0.0,0.75,0.7939,0.5217,0.2594,0.233,-0.0344,0.162,0.6,0.6486
2026-04-04,746,0.2869,0.0724,0.382,746,0.8,0.4,1.2,2.7888,5.5259,3.1411,0.6,0.3,0.9,2.0916,4.1444,2.3558,0.8,0.45,1.3,2.7888,6.2167,3.4028,0.8,0.2,1.0,2.7888,2.763,2.6175,0.6,0.3,0.9,2.0916,4.1444,2.3558,0.7,0.35,1.1,2.4402,4.8352,2.8793,0.4,0.0,0.4,1.3944,0.0,1.047,0.2,0.0,0.2,0.6972,0.0,0.5235,0.25,0.05,0.3,0.8715,0.6907,0.7853,0.521,0.0,0.1491,0.275,0.0,0.3463,0.042,0.4,0.6774,0.8298,0.4605,0.3261,0.3185,0.1372,0.162,0.6,0.5289
2026-04-05,114,0.1579,0.0263,0.1842,114,0.4,0.0,0.4,2.5333,0.0,2.1714,0.3,0.0,0.3,1.9,0.0,1.6286,0.4,0.1,0.5,2.5333,3.8,2.7143,0.4,0.0,0.4,2.5333,0.0,2.1714,0.2,0.0,0.2,1.2667,0.0,1.0857,0.4,0.05,0.45,2.5333,1.9,2.4429,0.0,0.0,0.0,0.0,0.0,0.0,0.1,0.0,0.1,0.6333,0.0,0.5429,0.2,0.0,0.2,1.2667,0.0,1.0857,0.526,0.0,0.0167,0.289,0.5,0.2727,0.009,0.1,0.0,0.9386,0.3513,0.4124,0.4,0.1993,0.175,0.4,0.4
2026-04-06,60,0.25,0.05,0.3,60,0.2,0.2,0.4,0.8,4.0,1.3333,0.4,0.2,0.6,1.6,4.0,2.0,0.45,0.1,0.55,1.8,2.0,1.8333,0.2,0.2,0.4,0.8,4.0,1.3333,0.4,0.1,0.5,1.6,2.0,1.6667,0.45,0.1,0.55,1.8,2.0,1.8333,0.0,0.0,0.0,0.0,0.0,0.0,0.0,0.0,0.0,0.0,0.0,0.0,0.2,0.1,0.3,0.8,2.0,1.0,0.567,0.0,0.0882,0.217,0.5,0.3846,0.017,0.0,1.0,0.85,0.3927,0.3908,0.3755,0.0736,0.2,0.5,0.5
2026-04-13,517,0.2495,0.0542,0.3172,517,0.6,0.2,0.8,2.4047,3.6929,2.522,0.7,0.2,0.9,2.8054,3.6929,2.8372,0.6,0.25,0.9,2.4047,4.6161,2.8372,0.8,0.2,1.0,3.2062,3.6929,3.1524,0.6,0.2,0.8,2.4047,3.6929,2.522,0.6,0.3,0.9,2.4047,5.5393,2.8372,0.2,0.0,0.2,0.8016,0.0,0.6305,0.3,0.0,0.3,1.2023,0.0,0.9457,0.25,0.05,0.3,1.0019,0.9232,0.9457,0.536,0.0,0.13,0.271,0.0,0.3429,0.048,0.4,0.48,0.8685,0.4115,0.2946,0.2887,0.1368,0.145,0.6,0.44
2026-04-14,474,0.23,0.0506,0.2911,474,0.4,0.0,0.4,1.7394,0.0,1.3739,0.4,0.2,0.8,1.7394,3.95,2.7478,0.55,0.25,0.9,2.3917,4.9375,3.0913,0.4,0.0,0.4,1.7394,0.0,1.3739,0.3,0.1,0.6,1.3046,1.975,2.0609,0.5,0.2,0.8,2.1743,3.95,2.7478,0.4,0.0,0.4,1.7394,0.0,1.3739,0.3,0.0,0.3,1.3046,0.0,1.0304,0.4,0.0,0.4,1.7394,0.0,1.3739,0.523,0.0,0.1411,0.283,0.2,0.2537,0.032,0.2,0.4,0.8671,0.4084,0.2722,0.2638,0.1179,0.162,0.6,0.4416
2026-04-15,316,0.2532,0.0601,0.3228,316,0.6,0.2,0.8,2.37,3.3263,2.4784,0.4,0.1,0.5,1.58,1.6632,1.549,0.25,0.05,0.3,0.9875,0.8316,0.9294,0.4,0.2,0.6,1.58,3.3263,1.8588,0.3,0.1,0.4,1.185,1.6632,1.2392,0.25,0.05,0.3,0.9875,0.8316,0.9294,0.4,0.2,0.8,1.58,3.3263,2.4784,0.6,0.2,0.9,2.37,3.3263,2.7882,0.55,0.15,0.75,2.1725,2.4947,2.3235,0.557,0.0,0.2045,0.244,0.1,0.3766,0.041,0.4,0.1538,0.807,0.468,0.2374,0.2364,0.2275,0.158,0.5,0.26
2026-04-16,304,0.2336,0.0658,0.3322,304,0.8,0.2,1.0,3.4254,3.04,3.0099,0.6,0.2,0.9,2.569,3.04,2.7089,0.45,0.15,0.65,1.9268,2.28,1.9564,0.6,0.2,0.8,2.569,3.04,2.4079,0.6,0.2,0.9,2.569,3.04,2.7089,0.35,0.1,0.5,1.4986,1.52,1.505,0.0,0.0,0.0,0.0,0.0,0.0,0.0,0.0,0.0,0.0,0.0,0.0,0.15,0.0,0.15,0.6423,0.0,0.4515,0.546,0.0,0.0843,0.26,0.1,0.3544,0.036,0.1,0.3636,0.8388,0.4247,0.3092,0.3056,0.0977,0.158,0.8,0.5208
2026-04-18,153,0.1699,0.0654,0.2614,153,0.0,0.0,0.0,0.0,0.0,0.0,0.1,0.0,0.1,0.5885,0.0,0.3825,0.05,0.0,0.05,0.2942,0.0,0.1913,0.0,0.0,0.0,0.0,0.0,0.0,0.1,0.0,0.1,0.5885,0.0,0.3825,0.05,0.0,0.05,0.2942,0.0,0.1913,0.0,0.0,0.0,0.0,0.0,0.0,0.0,0.0,0.0,0.0,0.0,0.0,0.0,0.0,0.0,0.0,0.0,0.0,0.451,0.2,0.0145,0.314,0.3,0.1875,0.052,0.0,0.5,0.8431,0.4648,-0.2326,-0.2666,-0.3712,0.183,0.5,0.4286
2026-04-19,208,0.2212,0.0577,0.3029,208,0.0,0.0,0.0,0.0,0.0,0.0,0.1,0.0,0.1,0.4522,0.0,0.3302,0.25,0.1,0.4,1.1304,1.7333,1.3206,0.0,0.0,0.0,0.0,0.0,0.0,0.2,0.0,0.2,0.9043,0.0,0.6603,0.1,0.0,0.1,0.4522,0.0,0.3302,0.0,0.0,0.0,0.0,0.0,0.0,0.0,0.0,0.0,0.0,0.0,0.0,0.1,0.0,0.1,0.4522,0.0,0.3302,0.51,0.1,0.0849,0.274,0.5,0.2281,0.048,0.0,0.9,0.8606,0.4432,0.1765,0.143,-0.0748,0.168,0.4,0.4286
2026-04-20,219,0.2055,0.0639,0.274,219,0.2,0.0,0.2,0.9733,0.0,0.73,0.5,0.1,0.6,2.4333,1.5643,2.19,0.5,0.15,0.65,2.4333,2.3464,2.3725,0.4,0.2,0.6,1.9467,3.1286,2.19,0.6,0.2,0.8,2.92,3.1286,2.92,0.45,0.2,0.7,2.19,3.1286,2.555,0.0,0.0,0.0,0.0,0.0,0.0,0.0,0.0,0.0,0.0,0.0,0.0,0.1,0.0,0.1,0.4867,0.0,0.365,0.484,0.0,0.066,0.288,0.1,0.2063,0.046,0.6,0.5,0.8539,0.4219,0.3124,0.2933,0.1646,0.183,0.3,0.5
2026-04-21,208,0.2067,0.0433,0.25,208,0.6,0.2,0.8,2.9023,4.6222,3.2,0.8,0.2,1.0,3.8698,4.6222,4.0,0.65,0.1,0.75,3.1442,2.3111,3.0,0.6,0.0,0.6,2.9023,0.0,2.4,0.7,0.1,0.8,3.386,2.3111,3.2,0.6,0.1,0.7,2.9023,2.3111,2.8,0.0,0.0,0.0,0.0,0.0,0.0,0.0,0.0,0.0,0.0,0.0,0.0,0.1,0.0,0.1,0.4837,0.0,0.4,0.514,0.0,0.0561,0.264,0.0,0.2182,0.048,0.7,0.8,0.9087,0.3295,0.4359,0.4208,0.2166,0.173,0.3,0.4722
2026-04-22,167,0.2695,0.0838,0.3832,167,1.0,0.6,1.8,3.7111,7.1571,4.6969,0.8,0.3,1.2,2.9689,3.5786,3.1312,0.65,0.25,1.05,2.4122,2.9821,2.7398,0.8,0.6,1.6,2.9689,7.1571,4.175,0.7,0.3,1.1,2.5978,3.5786,2.8703,0.7,0.3,1.15,2.5978,3.5786,3.0008,0.0,0.0,0.0,0.0,0.0,0.0,0.3,0.0,0.3,1.1133,0.0,0.7828,0.3,0.05,0.35,1.1133,0.5964,0.9133,0.515,0.0,0.0814,0.269,0.3,0.3556,0.048,0.1,0.625,0.8623,0.383,0.4617,0.442,0.313,0.168,0.6,0.6071
2026-04-23,157,0.172,0.0318,0.2038,157,0.4,0.2,0.6,2.3259,6.28,2.9437,0.4,0.1,0.5,2.3259,3.14,2.4531,0.5,0.1,0.6,2.9074,3.14,2.9437,0.6,0.2,0.8,3.4889,6.28,3.925,0.6,0.2,0.8,3.4889,6.28,3.925,0.5,0.1,0.6,2.9074,3.14,2.9437,0.0,0.0,0.0,0.0,0.0,0.0,0.3,0.0,0.3,1.7444,0.0,1.4719,0.3,0.05,0.35,1.7444,1.57,1.7172,0.535,0.0,0.0238,0.236,0.2,0.2973,0.032,0.1,0.2,0.9554,0.2954,0.4154,0.4198,0.2897,0.197,0.7,0.4194
2026-04-24,157,0.2739,0.0764,0.3631,157,0.8,0.4,1.2,2.9209,5.2333,3.3053,0.6,0.2,0.8,2.1907,2.6167,2.2035,0.65,0.1,0.75,2.3733,1.3083,2.0658,0.6,0.4,1.0,2.1907,5.2333,2.7544,0.7,0.2,0.9,2.5558,2.6167,2.4789,0.65,0.1,0.75,2.3733,1.3083,2.0658,0.6,0.0,0.6,2.1907,0.0,1.6526,0.5,0.0,0.5,1.8256,0.0,1.3772,0.4,0.05,0.45,1.4605,0.6542,1.2395,0.51,0.0,0.1375,0.28,0.2,0.25,0.051,0.2,0.75,0.8917,0.3643,0.4582,0.45,0.2889,0.159,0.6,0.6
2026-04-25,175,0.2114,0.0629,0.2743,175,0.6,0.4,1.0,2.8378,6.3636,3.6458,0.6,0.3,0.9,2.8378,4.7727,3.2812,0.4,0.2,0.6,1.8919,3.1818,2.1875,0.8,0.4,1.2,3.7838,6.3636,4.375,0.6,0.2,0.8,2.8378,3.1818,2.9167,0.45,0.25,0.7,2.1284,3.9773,2.5521,0.0,0.0,0.0,0.0,0.0,0.0,0.0,0.0,0.0,0.0,0.0,0.0,0.2,0.05,0.25,0.9459,0.7955,0.9115,0.52,0.0,0.0989,0.274,0.3,0.1875,0.029,0.3,0.8,0.8629,0.3488,0.408,0.3973,0.2835,0.177,0.4,0.4839
2026-04-26,202,0.2723,0.0693,0.3465,202,1.0,0.4,1.4,3.6727,5.7714,4.04,0.8,0.3,1.1,2.9382,4.3286,3.1743,0.75,0.3,1.05,2.7545,4.3286,3.03,1.0,0.4,1.4,3.6727,5.7714,4.04,0.9,0.4,1.3,3.3055,5.7714,3.7514,0.8,0.4,1.2,2.9382,5.7714,3.4629,0.2,0.0,0.2,0.7345,0.0,0.5771,0.3,0.0,0.3,1.1018,0.0,0.8657,0.45,0.0,0.45,1.6527,0.0,1.2986,0.52,0.0,0.1143,0.262,0.0,0.3019,0.064,0.3,0.8462,0.8911,0.3201,0.5419,0.5363,0.3704,0.153,0.7,0.5161
2026-04-27,117,0.2564,0.0598,0.3419,117,0.8,0.4,1.2,3.12,6.6857,3.51,0.6,0.2,0.8,2.34,3.3429,2.34,0.5,0.15,0.7,1.95,2.5071,2.0475,0.6,0.2,0.8,2.34,3.3429,2.34,0.6,0.3,1.0,2.34,5.0143,2.925,0.5,0.15,0.7,1.95,2.5071,2.0475,0.2,0.0,0.2,0.78,0.0,0.585,0.3,0.0,0.3,1.17,0.0,0.8775,0.35,0.05,0.4,1.365,0.8357,1.17,0.487,0.0,0.0702,0.325,0.2,0.3947,0.009,0.1,1.0,0.8889,0.3677,0.4538,0.443,0.3272,0.179,0.7,0.4762
2026-04-28,165,0.1697,0.0485,0.2303,165,0.4,0.4,1.0,2.3571,8.25,4.3421,0.5,0.4,1.1,2.9464,8.25,4.7763,0.45,0.25,0.8,2.6518,5.1562,3.4737,0.4,0.4,1.2,2.3571,8.25,5.2105,0.6,0.4,1.2,3.5357,8.25,5.2105,0.55,0.3,0.95,3.2411,6.1875,4.125,0.0,0.0,0.0,0.0,0.0,0.0,0.1,0.0,0.1,0.5893,0.0,0.4342,0.05,0.0,0.05,0.2946,0.0,0.2171,0.545,0.0,0.0222,0.23,0.0,0.1579,0.061,0.5,1.0,0.9091,0.3504,0.3864,0.3734,0.0268,0.164,0.5,0.3704
2026-04-29,167,0.2036,0.024,0.2335,167,0.8,0.2,1.0,3.9294,8.35,4.2821,0.5,0.1,0.6,2.4559,4.175,2.5692,0.6,0.15,0.8,2.9471,6.2625,3.4256,0.8,0.2,1.0,3.9294,8.35,4.2821,0.7,0.1,0.8,3.4382,4.175,3.4256,0.6,0.15,0.8,2.9471,6.2625,3.4256,0.2,0.0,0.2,0.9824,0.0,0.8564,0.1,0.0,0.1,0.4912,0.0,0.4282,0.15,0.0,0.15,0.7368,0.0,0.6423,0.497,0.0,0.0723,0.317,0.3,0.283,0.036,0.4,0.3333,0.9281,0.3202,0.4142,0.4088,0.275,0.15,0.3,0.44
2026-04-30,117,0.2308,0.0513,0.3162,117,0.4,0.2,0.8,1.7333,3.9,2.5297,0.4,0.2,0.7,1.7333,3.9,2.2135,0.45,0.1,0.6,1.95,1.95,1.8973,0.4,0.2,0.8,1.7333,3.9,2.5297,0.4,0.2,0.7,1.7333,3.9,2.2135,0.4,0.1,0.55,1.7333,1.95,1.7392,0.2,0.0,0.2,0.8667,0.0,0.6324,0.2,0.0,0.2,0.8667,0.0,0.6324,0.2,0.0,0.2,0.8667,0.0,0.6324,0.556,0.0,0.0923,0.231,0.0,0.2593,0.068,0.7,0.5,0.8718,0.3864,0.4051,0.405,0.2523,0.145,0.3,0.5882
2026-05-01,228,0.3246,0.057,0.4079,228,0.4,0.2,0.6,1.2324,3.5077,1.471,0.6,0.2,0.8,1.8486,3.5077,1.9613,0.6,0.1,0.7,1.8486,1.7538,1.7161,0.4,0.2,0.6,1.2324,3.5077,1.471,0.6,0.2,0.8,1.8486,3.5077,1.9613,0.6,0.1,0.7,1.8486,1.7538,1.7161,0.0,0.0,0.0,0.0,0.0,0.0,0.1,0.0,0.1,0.3081,0.0,0.2452,0.2,0.0,0.2,0.6162,0.0,0.4903,0.509,0.0,0.1983,0.263,0.1,0.3667,0.031,0.2,0.4286,0.7807,0.4788,0.1581,0.1478,0.0425,0.197,0.7,0.5778
2026-05-02,316,0.231,0.0411,0.2785,316,0.4,0.2,0.6,1.7315,4.8615,2.1545,0.3,0.2,0.5,1.2986,4.8615,1.7955,0.25,0.15,0.4,1.0822,3.6462,1.4364,0.4,0.2,0.6,1.7315,4.8615,2.1545,0.3,0.1,0.4,1.2986,2.4308,1.4364,0.3,0.15,0.45,1.2986,3.6462,1.6159,0.0,0.0,0.0,0.0,0.0,0.0,0.1,0.0,0.1,0.4329,0.0,0.3591,0.2,0.05,0.25,0.8658,1.2154,0.8977,0.497,0.1,0.1083,0.278,0.2,0.3068,0.032,0.2,0.4,0.8323,0.4284,0.1222,0.1176,-0.0085,0.193,0.5,0.4098
2026-05-03,366,0.2842,0.0683,0.3634,366,0.6,0.0,0.6,2.1115,0.0,1.6511,0.5,0.0,0.5,1.7596,0.0,1.3759,0.35,0.0,0.35,1.2317,0.0,0.9632,0.6,0.0,0.6,2.1115,0.0,1.6511,0.5,0.0,0.5,1.7596,0.0,1.3759,0.45,0.0,0.45,1.5837,0.0,1.2383,0.0,0.0,0.0,0.0,0.0,0.0,0.0,0.0,0.0,0.0,0.0,0.0,0.05,0.0,0.05,0.176,0.0,0.1376,0.514,0.0,0.1543,0.301,0.5,0.3364,0.036,0.3,0.6923,0.8306,0.431,0.1828,0.1658,-0.0248,0.15,0.2,0.5273
2026-05-04,350,0.2371,0.0829,0.3429,350,0.6,0.2,1.0,2.5301,2.4138,2.9167,0.6,0.3,1.2,2.5301,3.6207,3.5,0.4,0.25,0.9,1.6867,3.0172,2.625,0.6,0.2,1.0,2.5301,2.4138,2.9167,0.7,0.4,1.5,2.9518,4.8276,4.375,0.45,0.25,0.95,1.8976,3.0172,2.7708,0.2,0.0,0.2,0.8434,0.0,0.5833,0.3,0.0,0.3,1.2651,0.0,0.875,0.15,0.0,0.15,0.6325,0.0,0.4375,0.491,0.0,0.1047,0.28,0.1,0.2143,0.037,0.1,0.5385,0.8543,0.4499,0.299,0.2847,0.0577,0.191,0.8,0.5522
2026-05-05,58,0.2759,0.069,0.3621,58,0.6,0.0,0.6,2.175,0.0,1.6571,0.5,0.0,0.5,1.8125,0.0,1.381,0.45,0.1,0.55,1.6313,1.45,1.519,0.6,0.0,0.6,2.175,0.0,1.6571,0.5,0.0,0.5,1.8125,0.0,1.381,0.45,0.1,0.55,1.6313,1.45,1.519,0.2,0.0,0.2,0.725,0.0,0.5524,0.4,0.1,0.5,1.45,1.45,1.381,0.3,0.05,0.35,1.0875,0.725,0.9667,0.552,0.1,0.0938,0.19,0.1,0.4545,0.086,0.2,0.6,0.7931,0.4695,0.2903,0.2859,0.0783,0.172,0.6,0.5
2026-05-13,58,0.2414,0.1207,0.3621,58,0.6,0.4,1.0,2.4857,3.3143,2.7619,0.4,0.2,0.6,1.6571,1.6571,1.6571,0.4,0.15,0.55,1.6571,1.2429,1.519,0.4,0.2,0.6,1.6571,1.6571,1.6571,0.5,0.2,0.7,2.0714,1.6571,1.9333,0.4,0.15,0.55,1.6571,1.2429,1.519,0.4,0.2,0.6,1.6571,1.6571,1.6571,0.4,0.3,0.7,1.6571,2.4857,1.9333,0.35,0.2,0.55,1.45,1.6571,1.519,0.552,0.2,0.0938,0.19,0.2,0.5455,0.086,0.2,1.0,0.8621,0.4396,0.429,0.4063,0.2939,0.172,0.4,0.0
2026-05-14,128,0.2422,0.0625,0.3203,128,0.4,0.0,0.4,1.6516,0.0,1.2488,0.4,0.1,0.5,1.6516,1.6,1.561,0.4,0.1,0.5,1.6516,1.6,1.561,0.6,0.2,0.8,2.4774,3.2,2.4976,0.5,0.2,0.7,2.0645,3.2,2.1854,0.4,0.1,0.5,1.6516,1.6,1.561,0.0,0.0,0.0,0.0,0.0,0.0,0.1,0.0,0.1,0.4129,0.0,0.3122,0.1,0.0,0.1,0.4129,0.0,0.3122,0.586,0.0,0.0667,0.234,0.3,0.4,0.023,0.1,0.6667,0.8359,0.4151,0.2068,0.1666,0.0078,0.156,0.6,0.6
2026-05-16,63,0.2698,0.0952,0.4603,63,0.6,0.0,0.6,2.2235,0.0,1.3034,0.4,0.1,0.8,1.4824,1.05,1.7379,0.45,0.25,1.0,1.6676,2.625,2.1724,0.4,0.0,0.4,1.4824,0.0,0.869,0.5,0.2,1.1,1.8529,2.1,2.3897,0.45,0.25,1.0,1.6676,2.625,2.1724,0.2,0.0,0.2,0.7412,0.0,0.4345,0.1,0.0,0.1,0.3706,0.0,0.2172,0.25,0.1,0.35,0.9265,1.05,0.7603,0.571,0.2,0.0556,0.286,0.2,0.5,0.048,0.2,0.6667,0.8254,0.5837,0.42,0.4441,0.218,0.095,0.4,0.6667
2026-05-18,63,0.2222,0.0,0.2222,63,0.2,0.0,0.2,0.9,,0.9,0.3,0.0,0.3,1.35,,1.35,0.25,0.0,0.25,1.125,,1.125,0.2,0.0,0.2,0.9,,0.9,0.3,0.0,0.3,1.35,,1.35,0.25,0.0,0.25,1.125,,1.125,0.4,0.0,0.4,1.8,,1.8,0.2,0.0,0.2,0.9,,0.9,0.1,0.0,0.1,0.45,,0.45,0.571,0.0,0.1667,0.286,0.6,0.2778,0.048,0.1,0.3333,0.873,0.47,0.3223,0.313,0.1565,0.095,0.3,0.3333
2026-05-20,59,0.2712,0.0,0.2712,59,0.4,0.0,0.4,1.475,,1.475,0.4,0.0,0.4,1.475,,1.475,0.4,0.0,0.4,1.475,,1.475,0.6,0.0,0.6,2.2125,,2.2125,0.5,0.0,0.5,1.8438,,1.8438,0.4,0.0,0.4,1.475,,1.475,0.4,0.0,0.4,1.475,,1.475,0.2,0.0,0.2,0.7375,,0.7375,0.55,0.0,0.55,2.0281,,2.0281,0.508,0.1,0.2,0.271,0.3,0.25,0.034,0.2,0.5,0.9153,0.3804,0.4092,0.4276,0.4051,0.186,0.4,0.4545
2026-05-21,53,0.283,0.0755,0.3962,53,0.4,0.2,0.8,1.4133,2.65,2.019,0.5,0.2,0.8,1.7667,2.65,2.019,0.6,0.2,0.9,2.12,2.65,2.2714,0.4,0.2,0.8,1.4133,2.65,2.019,0.4,0.2,0.7,1.4133,2.65,1.7667,0.6,0.2,0.9,2.12,2.65,2.2714,0.8,0.2,1.0,2.8267,2.65,2.5238,0.6,0.1,0.7,2.12,1.325,1.7667,0.4,0.1,0.55,1.4133,1.325,1.3881,0.528,0.3,0.2143,0.264,0.2,0.1429,0.038,0.1,1.0,0.8679,0.3966,0.5151,0.515,0.3689,0.17,0.4,0.5556
2026-05-22,60,0.1167,0.05,0.1833,60,0.6,0.4,1.0,5.1429,8.0,5.4545,0.3,0.2,0.5,2.5714,4.0,2.7273,0.25,0.15,0.45,2.1429,3.0,2.4545,0.4,0.4,0.8,3.4286,8.0,4.3636,0.3,0.2,0.5,2.5714,4.0,2.7273,0.25,0.15,0.45,2.1429,3.0,2.4545,0.2,0.0,0.2,1.7143,0.0,1.0909,0.1,0.0,0.1,0.8571,0.0,0.5455,0.2,0.1,0.3,1.7143,2.0,1.6364,0.5,0.1,0.0333,0.283,0.4,0.0588,0.033,0.1,0.0,0.9667,0.3203,0.3863,0.3743,0.2429,0.183,0.4,0.4545
2026-05-23,53,0.1887,0.0943,0.283,53,0.2,0.2,0.4,1.06,2.12,1.4133,0.3,0.1,0.4,1.59,1.06,1.4133,0.35,0.15,0.5,1.855,1.59,1.7667,0.0,0.0,0.0,0.0,0.0,0.0,0.3,0.1,0.4,1.59,1.06,1.4133,0.35,0.15,0.5,1.855,1.59,1.7667,0.8,0.2,1.0,4.24,2.12,3.5333,0.5,0.1,0.6,2.65,1.06,2.12,0.35,0.15,0.5,1.855,1.59,1.7667,0.528,0.3,0.25,0.264,0.3,0.1429,0.038,0.2,0.0,0.8113,0.5027,0.2746,0.2712,0.3898,0.17,0.2,0.1111
2026-05-24,60,0.2833,0.1,0.3833,60,0.2,0.0,0.2,0.7059,0.0,0.5217,0.5,0.1,0.6,1.7647,1.0,1.5652,0.45,0.2,0.65,1.5882,2.0,1.6957,0.2,0.0,0.2,0.7059,0.0,0.5217,0.4,0.1,0.5,1.4118,1.0,1.3043,0.45,0.2,0.65,1.5882,2.0,1.6957,0.4,0.2,0.6,1.4118,2.0,1.5652,0.3,0.1,0.4,1.0588,1.0,1.0435,0.35,0.15,0.5,1.2353,1.5,1.3043,0.55,0.0,0.1212,0.233,0.3,0.5714,0.033,0.1,1.0,0.7667,0.4527,0.3642,0.3486,0.2955,0.183,0.6,0.2727
2026-05-25,53,0.2642,0.0,0.2642,53,0.0,0.0,0.0,0.0,,0.0,0.4,0.0,0.4,1.5143,,1.5143,0.45,0.0,0.45,1.7036,,1.7036,0.0,0.0,0.0,0.0,,0.0,0.4,0.0,0.4,1.5143,,1.5143,0.45,0.0,0.45,1.7036,,1.7036,0.0,0.0,0.0,0.0,,0.0,0.3,0.0,0.3,1.1357,,1.1357,0.25,0.0,0.25,0.9464,,0.9464,0.566,0.5,0.1,0.226,0.3,0.3333,0.038,0.0,0.5,0.9811,0.3438,0.3641,0.3424,0.1868,0.17,0.2,0.6667
2026-05-26,59,0.1525,0.0,0.1525,59,0.4,0.0,0.4,2.6222,,2.6222,0.3,0.0,0.3,1.9667,,1.9667,0.3,0.0,0.3,1.9667,,1.9667,0.4,0.0,0.4,2.6222,,2.6222,0.4,0.0,0.4,2.6222,,2.6222,0.3,0.0,0.3,1.9667,,1.9667,0.2,0.0,0.2,1.3111,,1.3111,0.1,0.0,0.1,0.6556,,0.6556,0.3,0.0,0.3,1.9667,,1.9667,0.525,0.1,0.129,0.271,0.4,0.125,0.034,0.2,0.5,0.9322,0.3561,0.351,0.3716,0.3322,0.169,0.3,0.2
2026-05-27,53,0.1698,0.0377,0.2075,53,0.2,0.0,0.2,1.1778,0.0,0.9636,0.3,0.1,0.4,1.7667,2.65,1.9273,0.4,0.1,0.5,2.3556,2.65,2.4091,0.4,0.2,0.6,2.3556,5.3,2.8909,0.3,0.1,0.4,1.7667,2.65,1.9273,0.35,0.1,0.45,2.0611,2.65,2.1682,0.2,0.0,0.2,1.1778,0.0,0.9636,0.1,0.0,0.1,0.5889,0.0,0.4818,0.2,0.05,0.25,1.1778,1.325,1.2045,0.566,0.2,0.0333,0.226,0.2,0.3333,0.038,0.1,0.0,0.9623,0.3198,0.4008,0.3989,0.2125,0.17,0.5,0.4444
2026-05-29,53,0.2453,0.0755,0.3585,53,1.0,0.4,1.6,4.0769,5.3,4.4632,0.8,0.4,1.4,3.2615,5.3,3.9053,0.55,0.2,0.85,2.2423,2.65,2.3711,0.8,0.2,1.0,3.2615,2.65,2.7895,0.7,0.3,1.2,2.8538,3.975,3.3474,0.55,0.2,0.85,2.2423,2.65,2.3711,0.2,0.0,0.2,0.8154,0.0,0.5579,0.5,0.1,0.7,2.0385,1.325,1.9526,0.55,0.2,0.85,2.2423,2.65,2.3711,0.566,0.0,0.1,0.226,0.4,0.1667,0.038,0.0,0.5,0.9057,0.2989,0.6579,0.5559,0.4496,0.17,0.6,0.7778
2026-06-01,456,0.3202,0.0921,0.4452,456,0.4,0.2,0.6,1.2493,2.1714,1.3478,0.5,0.1,0.6,1.5616,1.0857,1.3478,0.55,0.15,0.75,1.7178,1.6286,1.6847,0.4,0.4,1.0,1.2493,4.3429,2.2463,0.5,0.2,0.8,1.5616,2.1714,1.797,0.45,0.1,0.6,1.4055,1.0857,1.3478,0.0,0.0,0.0,0.0,0.0,0.0,0.1,0.0,0.1,0.3123,0.0,0.2246,0.15,0.0,0.15,0.4685,0.0,0.3369,0.518,0.1,0.1695,0.289,0.1,0.3864,0.044,0.5,0.65,0.7961,0.4977,0.3018,0.2783,0.0274,0.149,0.3,0.6176
2026-06-03,314,0.3057,0.1083,0.4459,314,0.6,0.2,0.8,1.9625,1.8471,1.7943,0.8,0.4,1.3,2.6167,3.6941,2.9157,0.7,0.35,1.15,2.2896,3.2324,2.5793,0.6,0.0,0.6,1.9625,0.0,1.3457,0.7,0.3,1.0,2.2896,2.7706,2.2429,0.65,0.35,1.05,2.126,3.2324,2.355,0.2,0.0,0.2,0.6542,0.0,0.4486,0.1,0.0,0.1,0.3271,0.0,0.2243,0.05,0.0,0.05,0.1635,0.0,0.1121,0.487,0.0,0.0915,0.29,0.1,0.3846,0.051,0.4,0.8125,0.8312,0.4891,0.3851,0.3725,0.0311,0.172,0.5,0.6296
2026-06-04,199,0.2362,0.0603,0.3015,199,0.4,0.0,0.4,1.6936,0.0,1.3267,0.5,0.1,0.6,2.117,1.6583,1.99,0.45,0.15,0.6,1.9053,2.4875,1.99,0.4,0.2,0.6,1.6936,3.3167,1.99,0.5,0.2,0.7,2.117,3.3167,2.3217,0.5,0.15,0.65,2.117,2.4875,2.1558,0.0,0.0,0.0,0.0,0.0,0.0,0.0,0.0,0.0,0.0,0.0,0.0,0.0,0.0,0.0,0.0,0.0,0.0,0.558,0.0,0.0721,0.276,0.3,0.2727,0.05,0.3,0.7,0.8794,0.4529,0.3484,0.3385,-0.0676,0.116,0.4,0.7391
2026-06-05,116,0.181,0.0259,0.2069,116,0.4,0.0,0.4,2.2095,0.0,1.9333,0.5,0.0,0.5,2.7619,0.0,2.4167,0.35,0.05,0.4,1.9333,1.9333,1.9333,0.6,0.0,0.6,3.3143,0.0,2.9,0.4,0.0,0.4,2.2095,0.0,1.9333,0.4,0.05,0.45,2.2095,1.9333,2.175,0.0,0.0,0.0,0.0,0.0,0.0,0.2,0.0,0.2,1.1048,0.0,0.9667,0.15,0.0,0.15,0.8286,0.0,0.725,0.56,0.0,0.0615,0.25,0.3,0.3103,0.026,0.2,0.3333,0.8707,0.4096,0.3803,0.3661,0.2209,0.164,0.5,0.3684
2026-06-06,60,0.2833,0.1,0.4167,60,0.6,0.0,0.6,2.1176,0.0,1.44,0.6,0.2,0.8,2.1176,2.0,1.92,0.6,0.15,0.75,2.1176,1.5,1.8,0.6,0.0,0.6,2.1176,0.0,1.44,0.6,0.1,0.7,2.1176,1.0,1.68,0.55,0.15,0.7,1.9412,1.5,1.68,0.0,0.0,0.0,0.0,0.0,0.0,0.3,0.0,0.3,1.0588,0.0,0.72,0.4,0.1,0.5,1.4118,1.0,1.2,0.6,0.0,0.1111,0.2,0.4,0.4167,,,,0.8333,0.4394,0.5316,0.4998,0.2887,0.2,0.6,0.6667
2026-06-14,60,0.0833,0.0167,0.1,60,0.0,0.0,0.0,0.0,0.0,0.0,0.3,0.1,0.4,3.6,6.0,4.0,0.2,0.05,0.25,2.4,3.0,2.5,0.6,0.2,0.8,7.2,12.0,8.0,0.3,0.1,0.4,3.6,6.0,4.0,0.2,0.05,0.25,2.4,3.0,2.5,0.2,0.0,0.2,2.4,0.0,2.0,0.2,0.0,0.2,2.4,0.0,2.0,0.2,0.05,0.25,2.4,3.0,2.5,0.583,0.1,0.0286,0.217,0.3,0.0769,,,,0.9,0.4192,0.3293,0.3613,0.2543,0.2,0.6,0.25
2026-07-01,229,0.2751,0.0568,0.3406,229,0.2,0.0,0.2,0.727,0.0,0.5872,0.2,0.0,0.2,0.727,0.0,0.5872,0.35,0.1,0.5,1.2722,1.7615,1.4679,0.2,0.0,0.2,0.727,0.0,0.5872,0.2,0.0,0.2,0.727,0.0,0.5872,0.35,0.05,0.45,1.2722,0.8808,1.3212,0.0,0.0,0.0,0.0,0.0,0.0,0.2,0.0,0.2,0.727,0.0,0.5872,0.25,0.0,0.25,0.9087,0.0,0.734,0.524,0.0,0.225,0.297,0.1,0.2794,0.026,0.3,0.5,0.8472,0.4562,0.1664,0.1363,0.0193,0.153,0.6,0.4
2026-07-03,504,0.3056,0.0813,0.4127,504,1.0,0.4,1.6,3.2727,4.9171,3.8769,0.7,0.3,1.1,2.2909,3.6878,2.6654,0.55,0.15,0.75,1.8,1.8439,1.8173,0.8,0.4,1.4,2.6182,4.9171,3.3923,0.7,0.4,1.2,2.2909,4.9171,2.9077,0.6,0.2,0.85,1.9636,2.4585,2.0596,0.0,0.0,0.0,0.0,0.0,0.0,0.1,0.0,0.1,0.3273,0.0,0.2423,0.2,0.0,0.2,0.6545,0.0,0.4846,0.5,0.1,0.131,0.304,0.2,0.3987,0.036,0.4,0.7222,0.8234,0.5029,0.251,0.242,-0.0241,0.161,0.3,0.5802
2026-07-04,545,0.2917,0.0734,0.3761,545,0.4,0.0,0.4,1.3711,0.0,1.0634,0.6,0.1,0.7,2.0566,1.3625,1.861,0.55,0.1,0.65,1.8852,1.3625,1.728,0.4,0.2,0.6,1.3711,2.725,1.5951,0.4,0.1,0.5,1.3711,1.3625,1.3293,0.55,0.15,0.7,1.8852,2.0437,1.861,0.2,0.0,0.2,0.6855,0.0,0.5317,0.1,0.0,0.1,0.3428,0.0,0.2659,0.15,0.0,0.15,0.5142,0.0,0.3988,0.508,0.0,0.1805,0.29,0.0,0.2911,0.042,0.7,0.6522,0.8569,0.4716,0.3137,0.3018,0.0611,0.16,0.3,0.5517
2026-07-05,58,0.1897,0.069,0.2586,58,0.4,0.2,0.6,2.1091,2.9,2.32,0.4,0.1,0.5,2.1091,1.45,1.9333,0.4,0.15,0.55,2.1091,2.175,2.1267,0.4,0.2,0.6,2.1091,2.9,2.32,0.4,0.1,0.5,2.1091,1.45,1.9333,0.35,0.15,0.5,1.8455,2.175,1.9333,0.0,0.0,0.0,0.0,0.0,0.0,0.0,0.0,0.0,0.0,0.0,0.0,0.2,0.15,0.35,1.0545,2.175,1.3533,0.534,0.1,0.0645,0.276,0.4,0.25,,,,0.8966,0.4312,0.4233,0.4184,0.1678,0.19,0.5,0.4545
2026-08-01,545,0.2661,0.0789,0.3633,545,1.0,0.6,1.6,3.7586,7.6047,4.404,0.6,0.3,0.9,2.2552,3.8023,2.4773,0.7,0.25,0.95,2.631,3.1686,2.6149,1.0,0.6,1.6,3.7586,7.6047,4.404,0.6,0.4,1.0,2.2552,5.0698,2.7525,0.6,0.25,0.85,2.2552,3.1686,2.3396,0.0,0.0,0.0,0.0,0.0,0.0,0.1,0.0,0.1,0.3759,0.0,0.2753,0.05,0.0,0.05,0.1879,0.0,0.1376,0.503,0.0,0.1204,0.29,0.0,0.2911,0.039,0.5,0.8095,0.8587,0.4414,0.3463,0.3279,0.0801,0.169,0.5,0.5326
2026-08-03,330,0.2727,0.0758,0.3788,330,0.4,0.2,0.6,1.4667,2.64,1.584,0.4,0.2,0.6,1.4667,2.64,1.584,0.55,0.2,0.75,2.0167,2.64,1.98,0.4,0.2,0.6,1.4667,2.64,1.584,0.5,0.3,0.8,1.8333,3.96,2.112,0.55,0.15,0.7,2.0167,1.98,1.848,0.0,0.0,0.0,0.0,0.0,0.0,0.0,0.0,0.0,0.0,0.0,0.0,0.1,0.0,0.1,0.3667,0.0,0.264,0.476,0.0,0.121,0.318,0.1,0.3333,0.055,0.4,0.6111,0.8273,0.5307,0.2675,0.2612,-0.0203,0.152,0.5,0.5
2026-08-04,152,0.25,0.0724,0.3421,152,1.0,0.2,1.2,4.0,2.7636,3.5077,0.8,0.3,1.4,3.2,4.1455,4.0923,0.75,0.3,1.2,3.0,4.1455,3.5077,1.0,0.4,2.0,4.0,5.5273,5.8462,0.8,0.2,1.3,3.2,2.7636,3.8,0.7,0.25,1.1,2.8,3.4545,3.2154,0.2,0.0,0.2,0.8,0.0,0.5846,0.2,0.1,0.3,0.8,1.3818,0.8769,0.25,0.05,0.3,1.0,0.6909,0.8769,0.52,0.0,0.0506,0.289,0.5,0.3182,0.033,0.2,1.0,0.8618,0.3723,0.463,0.4502,0.1946,0.158,0.3,0.625
2026-08-05,119,0.2437,0.0336,0.2941,119,0.4,0.0,0.4,1.6414,0.0,1.36,0.3,0.0,0.3,1.231,0.0,1.02,0.5,0.05,0.65,2.0517,1.4875,2.21,0.4,0.0,0.4,1.6414,0.0,1.36,0.3,0.0,0.3,1.231,0.0,1.02,0.45,0.05,0.6,1.8466,1.4875,2.04,0.2,0.0,0.2,0.8207,0.0,0.68,0.2,0.0,0.2,0.8207,0.0,0.68,0.15,0.0,0.15,0.6155,0.0,0.51,0.555,0.0,0.0909,0.235,0.3,0.3929,0.025,0.1,0.3333,0.8319,0.4028,0.2874,0.2418,0.1112,0.185,0.6,0.5
2026-09-01,140,0.2786,0.0714,0.3643,140,0.6,0.4,1.4,2.1538,5.6,3.8431,0.6,0.3,1.1,2.1538,4.2,3.0196,0.4,0.15,0.65,1.4359,2.1,1.7843,0.6,0.4,1.4,2.1538,5.6,3.8431,0.5,0.2,0.9,1.7949,2.8,2.4706,0.45,0.15,0.7,1.6154,2.1,1.9216,0.4,0.0,0.4,1.4359,0.0,1.098,0.2,0.0,0.2,0.7179,0.0,0.549,0.2,0.05,0.25,0.7179,0.7,0.6863,0.571,0.0,0.1875,0.279,0.3,0.3333,0.021,0.2,1.0,0.7929,0.4908,0.2618,0.2492,0.0688,0.129,0.5,0.4444
2026-09-03,230,0.3174,0.0739,0.4087,230,0.8,0.0,0.8,2.5205,0.0,1.9574,0.8,0.1,0.9,2.5205,1.3529,2.2021,0.65,0.05,0.7,2.0479,0.6765,1.7128,0.8,0.2,1.0,2.5205,2.7059,2.4468,0.9,0.1,1.0,2.8356,1.3529,2.4468,0.7,0.05,0.75,2.2055,0.6765,1.8351,0.2,0.0,0.2,0.6301,0.0,0.4894,0.4,0.0,0.4,1.2603,0.0,0.9787,0.35,0.05,0.4,1.1027,0.6765,0.9787,0.513,0.0,0.1949,0.313,0.3,0.4028,0.017,0.3,1.0,0.8174,0.4498,0.3383,0.3151,0.1385,0.157,0.4,0.4722
2026-09-04,705,0.2468,0.0695,0.3362,705,0.8,0.2,1.0,3.2414,2.8776,2.9747,0.5,0.2,0.7,2.0259,2.8776,2.0823,0.6,0.35,1.15,2.431,5.0357,3.4209,0.6,0.0,0.6,2.431,0.0,1.7848,0.6,0.3,1.0,2.431,4.3163,2.9747,0.55,0.25,0.85,2.2284,3.5969,2.5285,0.4,0.0,0.4,1.6207,0.0,1.1899,0.3,0.0,0.3,1.2155,0.0,0.8924,0.15,0.0,0.15,0.6078,0.0,0.4462,0.518,0.0,0.1068,0.294,0.3,0.3092,0.037,0.4,0.6538,0.8482,0.4265,0.2805,0.2622,0.0602,0.152,0.3,0.5047
2026-09-05,115,0.1913,0.0522,0.2783,115,0.8,0.4,1.4,4.1818,7.6667,5.0312,0.9,0.5,1.7,4.7045,9.5833,6.1094,0.6,0.25,1.0,3.1364,4.7917,3.5938,1.0,0.6,2.0,5.2273,11.5,7.1875,0.9,0.5,1.7,4.7045,9.5833,6.1094,0.6,0.25,1.0,3.1364,4.7917,3.5938,0.0,0.0,0.0,0.0,0.0,0.0,0.1,0.0,0.1,0.5227,0.0,0.3594,0.1,0.0,0.1,0.5227,0.0,0.3594,0.53,0.0,0.0328,0.27,0.1,0.1935,0.043,0.5,0.8,0.9478,0.3403,0.5024,0.47,0.2335,0.157,0.4,0.5556
2026-09-06,60,0.2667,0.0667,0.35,60,0.6,0.2,0.8,2.25,3.0,2.2857,0.7,0.2,0.9,2.625,3.0,2.5714,0.45,0.1,0.55,1.6875,1.5,1.5714,0.6,0.2,0.8,2.25,3.0,2.2857,0.6,0.2,0.8,2.25,3.0,2.2857,0.6,0.1,0.7,2.25,1.5,2.0,0.0,0.0,0.0,0.0,0.0,0.0,0.2,0.1,0.3,0.75,1.5,0.8571,0.45,0.1,0.55,1.6875,1.5,1.5714,0.55,0.0,0.0606,0.233,0.3,0.5,,,,0.9167,0.3697,0.5312,0.559,0.2862,0.217,0.7,0.5385
2026-10-01,637,0.2543,0.0722,0.3548,637,1.0,0.2,1.2,3.9321,2.7696,3.3823,0.9,0.4,1.4,3.5389,5.5391,3.946,0.8,0.25,1.15,3.1457,3.462,3.2414,1.0,0.4,1.6,3.9321,5.5391,4.5097,0.8,0.3,1.2,3.1457,4.1543,3.3823,0.7,0.15,0.9,2.7525,2.0772,2.5367,0.4,0.0,0.4,1.5728,0.0,1.1274,0.2,0.0,0.2,0.7864,0.0,0.5637,0.1,0.0,0.1,0.3932,0.0,0.2819,0.505,0.0,0.1242,0.295,0.1,0.3085,0.041,0.5,0.7308,0.8619,0.4449,0.3197,0.3114,0.1214,0.159,0.4,0.4455
2026-10-03,608,0.2599,0.0543,0.3273,608,0.6,0.0,0.6,2.3089,0.0,1.8332,0.6,0.0,0.6,2.3089,0.0,1.8332,0.55,0.1,0.65,2.1165,1.8424,1.9859,0.8,0.2,1.0,3.0785,3.6848,3.0553,0.7,0.2,0.9,2.6937,3.6848,2.7497,0.5,0.1,0.6,1.9241,1.8424,1.8332,0.0,0.0,0.0,0.0,0.0,0.0,0.0,0.0,0.0,0.0,0.0,0.0,0.0,0.0,0.0,0.0,0.0,0.0,0.505,0.0,0.1303,0.286,0.2,0.2931,0.046,0.6,0.5714,0.8273,0.5046,0.1341,0.1208,-0.0888,0.163,0.2,0.5152
2026-10-05,116,0.25,0.0948,0.3621,116,0.2,0.2,0.4,0.8,2.1091,1.1048,0.3,0.2,0.5,1.2,2.1091,1.381,0.35,0.3,0.65,1.4,3.1636,1.7952,0.2,0.2,0.4,0.8,2.1091,1.1048,0.4,0.3,0.7,1.6,3.1636,1.9333,0.35,0.25,0.6,1.4,2.6364,1.6571,0.0,0.0,0.0,0.0,0.0,0.0,0.0,0.0,0.0,0.0,0.0,0.0,0.2,0.1,0.3,0.8,1.0545,0.8286,0.543,0.0,0.1111,0.241,0.4,0.2857,0.017,0.0,1.0,0.8276,0.4794,0.3139,0.2928,0.1133,0.198,0.6,0.5217
2026-11-01,228,0.2456,0.0658,0.3377,228,0.4,0.0,0.4,1.6286,0.0,1.1844,0.5,0.2,0.7,2.0357,3.04,2.0727,0.45,0.2,0.65,1.8321,3.04,1.9247,0.6,0.2,0.8,2.4429,3.04,2.3688,0.5,0.2,0.7,2.0357,3.04,2.0727,0.45,0.2,0.65,1.8321,3.04,1.9247,0.0,0.0,0.0,0.0,0.0,0.0,0.1,0.0,0.1,0.4071,0.0,0.2961,0.2,0.0,0.2,0.8143,0.0,0.5922,0.522,0.0,0.1261,0.263,0.2,0.2333,0.044,0.2,0.4,0.8509,0.4662,0.2011,0.1923,0.0308,0.171,0.6,0.5897
2026-11-03,94,0.266,0.0532,0.3191,94,0.8,0.0,0.8,3.008,0.0,2.5067,0.8,0.1,0.9,3.008,1.88,2.82,0.6,0.1,0.7,2.256,1.88,2.1933,0.8,0.0,0.8,3.008,0.0,2.5067,0.9,0.1,1.0,3.384,1.88,3.1333,0.55,0.1,0.65,2.068,1.88,2.0367,0.0,0.0,0.0,0.0,0.0,0.0,0.1,0.0,0.1,0.376,0.0,0.3133,0.25,0.0,0.25,0.94,0.0,0.7833,0.457,0.1,0.0698,0.319,0.2,0.3333,0.011,0.1,1.0,0.8936,0.3725,0.447,0.4333,0.1467,0.213,0.6,0.55
2026-11-04,763,0.2228,0.0498,0.2805,763,1.0,0.2,1.2,4.4882,4.0158,4.2785,0.5,0.1,0.6,2.2441,2.0079,2.1393,0.55,0.15,0.7,2.4685,3.0118,2.4958,0.8,0.2,1.0,3.5906,4.0158,3.5654,0.7,0.3,1.0,3.1418,6.0237,3.5654,0.65,0.15,0.8,2.9174,3.0118,2.8523,0.0,0.0,0.0,0.0,0.0,0.0,0.1,0.1,0.2,0.4488,2.0079,0.7131,0.1,0.05,0.15,0.4488,1.0039,0.5348,0.532,0.0,0.0936,0.279,0.0,0.2864,0.038,0.3,0.3448,0.8637,0.405,0.2423,0.2327,0.0667,0.151,0.7,0.5304
2026-11-05,58,0.2241,0.0172,0.2414,58,0.6,0.2,0.8,2.6769,11.6,3.3143,0.4,0.1,0.5,1.7846,5.8,2.0714,0.35,0.05,0.4,1.5615,2.9,1.6571,0.6,0.2,0.8,2.6769,11.6,3.3143,0.4,0.1,0.5,1.7846,5.8,2.0714,0.35,0.05,0.4,1.5615,2.9,1.6571,0.2,0.0,0.2,0.8923,0.0,0.8286,0.1,0.0,0.1,0.4462,0.0,0.4143,0.3,0.05,0.35,1.3385,2.9,1.45,0.569,0.4,0.0606,0.224,0.3,0.3846,0.086,0.2,0.6,0.8621,0.2706,0.3746,0.3624,0.2153,0.121,0.1,0.4286
2026-11-06,61,0.1967,0.082,0.2951,61,1.0,0.6,1.8,5.0833,7.32,6.1,0.9,0.5,1.5,4.575,6.1,5.0833,0.6,0.25,0.9,3.05,3.05,3.05,1.0,0.8,2.0,5.0833,9.76,6.7778,0.9,0.5,1.5,4.575,6.1,5.0833,0.55,0.25,0.85,2.7958,3.05,2.8806,0.0,0.0,0.0,0.0,0.0,0.0,0.3,0.0,0.3,1.525,0.0,1.0167,0.3,0.1,0.45,1.525,1.22,1.525,0.541,0.0,0.0,0.246,0.3,0.3333,,,,0.9508,0.2612,0.6733,0.6538,0.3203,0.213,0.7,0.5385
