bt_date,n_players,spearman_elfies_v1,spearman_elfies_v1_pval,spearman_elfies_v2,spearman_elfies_v2_pval,spearman_elfies_v3,spearman_elfies_v3_pval,spearman_elfies_v4,spearman_elfies_v4_pval,spearman_elfies_standout,spearman_elfies_standout_pval,hit1_at_07,n_hit1_at_07,hit2_at_15,n_hit2_at_15,calibration_80,mae
2025-10-12,180,-0.0147,0.8452,-0.0064,0.9322,-0.0157,0.8338,-0.0147,0.8452,0.0227,0.7623,0.0,4,,0,0.7167,0.4067
2025-10-13,457,0.1353,0.0038,0.1276,0.0063,0.1348,0.0039,0.1353,0.0038,0.1128,0.0159,0.6667,3,,0,0.7746,0.3792
2025-10-14,364,0.101,0.0541,0.0647,0.2183,0.0988,0.0596,0.101,0.0541,0.0753,0.1519,,0,,0,0.717,0.4584
2025-10-15,182,0.3507,0.0,0.3498,0.0,0.2128,0.0039,0.3507,0.0,0.2423,0.001,,0,,0,0.7912,0.4694
2025-10-16,498,0.3704,0.0,0.3827,0.0,0.2734,0.0,0.3704,0.0,0.2276,0.0,0.75,4,,0,0.8112,0.4379
2025-10-17,183,0.2274,0.002,0.2266,0.002,0.3013,0.0,0.2274,0.002,0.1998,0.0067,0.0,2,,0,0.8033,0.4684
2025-10-18,590,0.3621,0.0,0.3767,0.0,0.2429,0.0,0.3621,0.0,0.1231,0.0027,0.75,4,,0,0.8339,0.4079
2025-10-19,183,0.2571,0.0004,0.2816,0.0001,0.0272,0.7144,0.2571,0.0004,0.1231,0.0969,0.0,1,,0,0.8579,0.4041
2025-10-20,229,0.3046,0.0,0.3125,0.0,0.2369,0.0003,0.3046,0.0,0.1257,0.0575,1.0,1,,0,0.8515,0.4192
2025-10-21,452,0.3025,0.0,0.2828,0.0,0.2642,0.0,0.3025,0.0,0.2071,0.0,1.0,1,,0,0.8252,0.4096
2025-10-22,136,0.3902,0.0,0.4042,0.0,0.2508,0.0032,0.3902,0.0,0.1271,0.1404,,0,,0,0.9118,0.3745
2025-10-23,541,0.3766,0.0,0.3764,0.0,0.2745,0.0,0.3766,0.0,0.1571,0.0002,1.0,1,,0,0.8078,0.4797
2025-10-24,183,0.1999,0.0067,0.2265,0.002,0.2415,0.001,0.1999,0.0067,-0.0184,0.8046,1.0,1,,0,0.8197,0.5351
2025-10-25,591,0.2734,0.0,0.2856,0.0,0.1977,0.0,0.2734,0.0,0.0264,0.5212,0.6667,6,,0,0.819,0.5235
2025-10-26,364,0.3702,0.0,0.3828,0.0,0.2387,0.0,0.3702,0.0,0.1584,0.0024,,0,,0,0.8571,0.4105
2025-10-27,91,0.4478,0.0,0.4353,0.0,0.2549,0.0147,0.4478,0.0,0.1009,0.3413,,0,,0,0.8242,0.5649
2025-10-28,726,0.2773,0.0,0.2928,0.0,0.187,0.0,0.2773,0.0,0.0541,0.1456,1.0,3,,0,0.8292,0.5025
2025-10-29,45,0.2824,0.0602,0.261,0.0833,0.1928,0.2046,0.2824,0.0602,0.2278,0.1323,,0,,0,0.8889,0.6302
2025-10-30,500,0.3374,0.0,0.3441,0.0,0.227,0.0,0.3374,0.0,0.1185,0.008,0.3333,3,,0,0.866,0.4487
2025-10-31,134,0.3519,0.0,0.3494,0.0,0.1676,0.0529,0.3519,0.0,0.0959,0.2704,0.6667,3,,0,0.8806,0.4579
2025-11-01,679,0.2015,0.0,0.2091,0.0,0.1836,0.0,0.2015,0.0,0.1175,0.0022,0.75,4,,0,0.8527,0.3927
2025-11-03,502,0.3032,0.0,0.3014,0.0,0.2073,0.0,0.3032,0.0,0.149,0.0008,,0,,0,0.8606,0.3747
2025-11-04,246,0.3444,0.0,0.3602,0.0,0.2203,0.0005,0.3444,0.0,0.1536,0.0159,1.0,1,,0,0.8699,0.3854
2025-11-05,123,0.2769,0.0019,0.2774,0.0019,0.1905,0.0348,0.2769,0.0019,0.1128,0.2143,,0,,0,0.9106,0.2562
2025-11-10,727,0.2564,0.0,0.2626,0.0,0.197,0.0,0.2564,0.0,0.0586,0.1142,1.0,1,,0,0.8239,0.4981
2025-11-11,409,0.2327,0.0,0.2367,0.0,0.1888,0.0001,0.2327,0.0,-0.018,0.7165,0.5714,7,,0,0.8606,0.4997
2025-11-12,588,0.2822,0.0,0.2757,0.0,0.2185,0.0,0.2822,0.0,0.0365,0.3769,1.0,1,,0,0.8027,0.5196
2025-11-13,453,0.2951,0.0,0.3045,0.0,0.208,0.0,0.2951,0.0,0.0726,0.1227,1.0,4,,0,0.8278,0.4987
2025-11-14,182,0.2891,0.0001,0.2944,0.0001,0.2538,0.0005,0.2891,0.0001,0.0426,0.5683,,0,,0,0.8626,0.4814
2025-11-15,590,0.3151,0.0,0.3185,0.0,0.2326,0.0,0.3151,0.0,0.1116,0.0066,0.75,8,,0,0.8644,0.4608
2025-11-16,226,0.3425,0.0,0.3598,0.0,0.2418,0.0002,0.3425,0.0,0.0817,0.2213,1.0,2,,0,0.8805,0.3752
2025-11-17,273,0.2995,0.0,0.3001,0.0,0.2115,0.0004,0.2995,0.0,0.1641,0.0066,1.0,1,,0,0.8242,0.4194
2025-11-18,363,0.3537,0.0,0.3661,0.0,0.1932,0.0002,0.3537,0.0,0.1199,0.0223,1.0,1,,0,0.8567,0.3892
2025-11-19,183,0.383,0.0,0.3951,0.0,0.2143,0.0036,0.383,0.0,0.0211,0.7767,,0,,0,0.8087,0.4708
2025-11-20,540,0.2309,0.0,0.2478,0.0,0.1672,0.0001,0.2309,0.0,0.0329,0.446,0.1667,6,,0,0.8333,0.4797
2025-11-21,181,0.3055,0.0,0.3162,0.0,0.2519,0.0006,0.3055,0.0,0.0404,0.5892,,0,,0,0.8287,0.5105
2025-11-22,542,0.3045,0.0,0.3207,0.0,0.1397,0.0011,0.3045,0.0,0.0757,0.0781,0.3333,3,,0,0.8506,0.4317
2025-11-23,275,0.3169,0.0,0.3259,0.0,0.1735,0.0039,0.3169,0.0,0.1765,0.0033,0.0,1,,0,0.9127,0.396
2025-11-24,313,0.2526,0.0,0.2576,0.0,0.1577,0.0052,0.2526,0.0,0.0607,0.2846,0.5,2,,0,0.8339,0.4482
2025-11-25,45,0.2622,0.0819,0.2671,0.0761,0.0595,0.6978,0.2622,0.0819,0.0915,0.55,1.0,1,,0,0.7333,0.6805
2025-11-26,682,0.2804,0.0,0.2936,0.0,0.1619,0.0,0.2804,0.0,0.1004,0.0087,0.5,4,,0,0.8226,0.4402
2025-11-28,681,0.3117,0.0,0.3238,0.0,0.152,0.0001,0.3117,0.0,0.0639,0.0959,0.25,4,,0,0.8267,0.4477
2025-11-29,500,0.327,0.0,0.3346,0.0,0.2546,0.0,0.327,0.0,0.0252,0.5739,,0,,0,0.864,0.4274
2025-11-30,182,0.3407,0.0,0.3453,0.0,0.2727,0.0002,0.3407,0.0,0.0551,0.4602,,0,,0,0.9066,0.4745
2025-12-01,226,0.3524,0.0,0.3638,0.0,0.2496,0.0001,0.3524,0.0,0.1684,0.0112,1.0,3,,0,0.7965,0.4188
2025-12-03,180,0.256,0.0005,0.2696,0.0003,0.1375,0.0656,0.256,0.0005,0.0726,0.3325,1.0,1,,0,0.7722,0.4929
2025-12-04,540,0.2289,0.0,0.2413,0.0,0.1665,0.0001,0.2289,0.0,0.0859,0.046,0.6,5,,0,0.813,0.4718
2025-12-05,120,0.1608,0.0793,0.1698,0.0637,0.0771,0.4025,0.1608,0.0793,0.0261,0.7775,1.0,1,,0,0.85,0.4345
2025-12-06,59,0.2887,0.0266,0.2944,0.0236,0.2523,0.0539,0.2887,0.0266,0.0262,0.844,,0,,0,0.8305,0.4879
2025-12-10,46,-0.063,0.6772,-0.0467,0.7581,-0.1427,0.3442,-0.063,0.6772,-0.2024,0.1773,,0,,0,0.9565,0.3484
2025-12-11,183,-0.0439,0.5553,-0.0227,0.7599,-0.0245,0.7418,-0.0439,0.5553,-0.178,0.0159,0.25,4,,0,0.7596,0.5835
2025-12-12,89,0.0895,0.4041,0.097,0.366,0.0564,0.5996,0.0895,0.4041,0.0098,0.9273,,0,,0,0.8315,0.5001
2025-12-13,585,0.1932,0.0,0.1951,0.0,0.1122,0.0066,0.1932,0.0,-0.0043,0.9164,1.0,1,,0,0.8188,0.4813
2025-12-14,275,0.2295,0.0001,0.2489,0.0,0.1396,0.0206,0.2295,0.0001,-0.0268,0.6586,0.3333,3,,0,0.8764,0.4765
2025-12-15,224,0.2231,0.0008,0.2336,0.0004,0.1531,0.0219,0.2231,0.0008,0.0557,0.4069,0.0,1,,0,0.8125,0.4476
2025-12-16,454,0.3268,0.0,0.3409,0.0,0.1565,0.0008,0.3268,0.0,0.1274,0.0066,1.0,2,,0,0.8458,0.4334
2025-12-17,224,0.1634,0.0144,0.1883,0.0047,0.1834,0.0059,0.1634,0.0144,-0.0136,0.8393,,0,,0,0.9062,0.3593
2025-12-18,453,0.2495,0.0,0.2591,0.0,0.1376,0.0033,0.2495,0.0,0.0365,0.4378,1.0,3,,0,0.8455,0.4337
2025-12-19,226,0.3518,0.0,0.3554,0.0,0.242,0.0002,0.3518,0.0,0.1678,0.0115,1.0,1,,0,0.854,0.4114
2025-12-20,587,0.2839,0.0,0.2882,0.0,0.2108,0.0,0.2839,0.0,0.1782,0.0,1.0,1,,0,0.7615,0.4654
2025-12-21,410,0.289,0.0,0.3034,0.0,0.1532,0.0019,0.289,0.0,0.0298,0.5477,0.6667,3,,0,0.8488,0.4775
2025-12-22,176,0.1912,0.011,0.205,0.0063,0.0561,0.4596,0.1912,0.011,0.0538,0.4783,1.0,1,,0,0.875,0.4988
2025-12-23,592,0.2909,0.0,0.2988,0.0,0.236,0.0,0.2909,0.0,0.0514,0.2118,0.3333,3,,0,0.853,0.4732
2025-12-27,591,0.2917,0.0,0.2931,0.0,0.1483,0.0003,0.2917,0.0,0.0687,0.0952,0.4,5,,0,0.8274,0.4803
2025-12-28,230,0.2841,0.0,0.2962,0.0,0.1761,0.0074,0.2841,0.0,0.107,0.1056,1.0,1,,0,0.813,0.4809
2025-12-29,494,0.263,0.0,0.2756,0.0,0.1158,0.01,0.263,0.0,0.0721,0.1094,0.75,4,,0,0.8381,0.4682
2025-12-30,227,0.2292,0.0005,0.2388,0.0003,0.2249,0.0006,0.2292,0.0005,0.018,0.7878,1.0,1,,0,0.8678,0.4692
2025-12-31,449,0.221,0.0,0.2265,0.0,0.0946,0.0452,0.221,0.0,0.0501,0.289,1.0,2,,0,0.8241,0.4864
2026-01-01,363,0.3111,0.0,0.3304,0.0,0.2626,0.0,0.3111,0.0,0.0639,0.2248,1.0,1,,0,0.7769,0.513
2026-01-02,136,0.3284,0.0001,0.3283,0.0001,0.2253,0.0084,0.3284,0.0001,0.085,0.3251,1.0,1,,0,0.8529,0.494
2026-01-03,274,0.136,0.0243,0.1481,0.0142,0.0734,0.2257,0.136,0.0243,-0.0372,0.5394,0.0,1,,0,0.8321,0.4875
2026-01-04,144,0.4353,0.0,0.454,0.0,0.2889,0.0004,0.4353,0.0,0.2602,0.0016,1.0,3,,0,0.8333,0.4669
2026-01-05,167,0.0434,0.5774,0.0572,0.4627,-0.0122,0.8757,0.0434,0.5774,-0.054,0.488,0.5,2,,0,0.8503,0.4468
2026-01-13,455,0.1272,0.0066,0.1414,0.0025,0.1348,0.004,0.1272,0.0066,-0.0155,0.7409,0.0,1,,0,0.8044,0.455
2026-01-14,181,0.3419,0.0,0.3622,0.0,0.1066,0.1533,0.3419,0.0,0.0522,0.4853,1.0,1,,0,0.8508,0.476
2026-01-15,458,0.2462,0.0,0.2626,0.0,0.1169,0.0123,0.2462,0.0,-0.0178,0.7036,1.0,2,,0,0.8384,0.458
2026-01-16,225,0.0886,0.1854,0.1073,0.1086,0.0208,0.7559,0.0886,0.1854,-0.0882,0.1875,,0,,0,0.8178,0.5231
2026-01-17,591,0.3388,0.0,0.3509,0.0,0.2146,0.0,0.3388,0.0,0.1141,0.0055,0.875,8,,0,0.8071,0.5096
2026-01-18,134,0.4095,0.0,0.4248,0.0,0.1985,0.0215,0.4095,0.0,0.1206,0.1652,1.0,1,,0,0.8881,0.4241
2026-01-19,459,0.2568,0.0,0.2588,0.0,0.153,0.001,0.2568,0.0,0.0625,0.1813,0.6,5,,0,0.8649,0.4472
2026-01-20,362,0.2789,0.0,0.2881,0.0,0.0944,0.0728,0.2789,0.0,0.1123,0.0326,0.5714,7,,0,0.8315,0.4724
2026-01-21,272,0.2297,0.0001,0.2344,0.0001,0.1307,0.0311,0.2297,0.0001,0.0173,0.7758,0.5,2,,0,0.864,0.4719
2026-01-22,363,0.3547,0.0,0.3647,0.0,0.1634,0.0018,0.3547,0.0,0.1014,0.0536,,0,,0,0.8595,0.4098
2026-01-23,364,0.2336,0.0,0.2457,0.0,0.0742,0.1579,0.2336,0.0,0.0779,0.1378,0.3333,3,,0,0.7995,0.4391
2026-01-24,407,0.4385,0.0,0.4535,0.0,0.2625,0.0,0.4385,0.0,0.1113,0.0247,0.0,1,,0,0.8354,0.4801
2026-01-25,275,0.1887,0.0017,0.1943,0.0012,0.1492,0.0132,0.1887,0.0017,0.032,0.5977,0.75,4,,0,0.8145,0.5108
2026-01-26,184,0.2544,0.0005,0.2593,0.0004,0.2677,0.0002,0.2544,0.0005,0.011,0.8819,1.0,3,,0,0.8424,0.4967
2026-01-27,453,0.3095,0.0,0.3265,0.0,0.1294,0.0058,0.3095,0.0,0.0894,0.0572,0.3333,3,,0,0.8278,0.438
2026-01-28,137,0.3764,0.0,0.404,0.0,0.1942,0.0229,0.3764,0.0,0.2086,0.0144,1.0,3,,0,0.8686,0.4887
2026-01-29,680,0.3371,0.0,0.3437,0.0,0.1882,0.0,0.3371,0.0,0.095,0.0132,0.6,5,,0,0.8515,0.4675
2026-01-30,46,0.5053,0.0003,0.5182,0.0002,0.4275,0.003,0.5053,0.0003,0.2502,0.0935,1.0,1,,0,0.913,0.4165
2026-01-31,637,0.3444,0.0,0.3573,0.0,0.1923,0.0,0.3444,0.0,0.0895,0.0239,1.0,6,,0,0.8477,0.4463
2026-02-01,180,0.2265,0.0022,0.2428,0.001,0.1209,0.1058,0.2265,0.0022,0.0775,0.3011,0.0,1,,0,0.8333,0.4892
2026-02-02,450,0.3234,0.0,0.3334,0.0,0.1454,0.002,0.3234,0.0,0.073,0.1222,0.5,2,,0,0.8267,0.5093
2026-02-03,273,0.2235,0.0002,0.2343,0.0001,0.1092,0.0717,0.2235,0.0002,0.0708,0.2439,1.0,3,,0,0.8645,0.4935
2026-02-04,689,0.2824,0.0,0.2956,0.0,0.1451,0.0001,0.2824,0.0,0.0427,0.2631,0.4,5,,0,0.8374,0.4584
2026-02-05,58,0.3546,0.0063,0.3692,0.0043,0.2685,0.0416,0.3546,0.0063,0.236,0.0745,0.0,1,,0,0.9138,0.3288
2026-02-06,60,0.3811,0.0027,0.3897,0.0021,0.2912,0.024,0.3811,0.0027,0.3329,0.0093,,0,,0,0.85,0.5061
2026-02-25,363,0.2742,0.0,0.2813,0.0,0.1761,0.0008,0.2742,0.0,0.1059,0.0438,0.75,4,,0,0.8292,0.4631
2026-02-26,542,0.2757,0.0,0.2885,0.0,0.1328,0.0019,0.2757,0.0,0.0505,0.2409,1.0,2,,0,0.8561,0.4354
2026-02-27,181,0.4186,0.0,0.4242,0.0,0.3156,0.0,0.4186,0.0,0.1113,0.1357,,0,,0,0.8343,0.4805
2026-02-28,590,0.2655,0.0,0.2751,0.0,0.1565,0.0001,0.2655,0.0,0.0579,0.1603,0.5,6,,0,0.8322,0.4541
2026-03-01,590,0.2908,0.0,0.3014,0.0,0.1315,0.0014,0.2908,0.0,0.0885,0.0316,0.6667,3,,0,0.8407,0.4435
2026-03-02,319,0.2744,0.0,0.2756,0.0,0.1918,0.0006,0.2744,0.0,0.0493,0.3803,0.6667,3,,0,0.8715,0.4653
2026-03-03,497,0.2557,0.0,0.2758,0.0,0.0985,0.0281,0.2557,0.0,-0.022,0.6249,0.75,4,,0,0.8431,0.4649
2026-03-04,99,0.1264,0.2125,0.138,0.1732,0.1678,0.0969,0.1264,0.2125,-0.0172,0.8658,,0,,0,0.8182,0.5014
2026-03-05,107,0.4433,0.0,0.466,0.0,0.211,0.0292,0.4433,0.0,0.2844,0.003,1.0,1,,0,0.8692,0.455
2026-03-13,92,0.198,0.0585,0.2042,0.0508,0.0403,0.7026,0.198,0.0585,0.052,0.6224,,0,,0,0.8804,0.4853
2026-03-14,661,0.2667,0.0,0.2666,0.0,0.1807,0.0,0.2667,0.0,0.0982,0.0116,0.8,5,,0,0.8517,0.424
2026-03-15,287,0.2615,0.0,0.267,0.0,0.1617,0.006,0.2615,0.0,0.1118,0.0584,1.0,1,,0,0.8258,0.4513
2026-03-16,238,0.3431,0.0,0.3443,0.0,0.2596,0.0001,0.3431,0.0,0.114,0.0793,,0,,0,0.8403,0.4591
2026-03-17,420,0.2212,0.0,0.2298,0.0,0.1184,0.0152,0.2212,0.0,-0.0066,0.8922,,0,,0,0.8405,0.4706
2026-03-18,291,0.2846,0.0,0.2857,0.0,0.1774,0.0024,0.2846,0.0,0.0701,0.233,0.5,2,,0,0.8591,0.4165
2026-03-19,522,0.3371,0.0,0.332,0.0,0.2936,0.0,0.3371,0.0,0.1972,0.0,1.0,3,,0,0.8716,0.4014
2026-03-20,239,0.2072,0.0013,0.2191,0.0006,0.0852,0.1894,0.2072,0.0013,0.0887,0.1717,0.25,4,,0,0.8243,0.4344
2026-03-21,527,0.4257,0.0,0.4286,0.0,0.3054,0.0,0.4257,0.0,0.2735,0.0,1.0,3,,0,0.8634,0.3541
2026-03-22,430,0.2776,0.0,0.2848,0.0,0.1989,0.0,0.2776,0.0,0.1155,0.0166,0.0,2,,0,0.8465,0.4168
2026-03-23,50,0.2313,0.1061,0.2408,0.0921,0.1744,0.2258,0.2313,0.1061,0.3753,0.0072,,0,,0,0.88,0.363
2026-03-24,720,0.3637,0.0,0.3687,0.0,0.2444,0.0,0.3637,0.0,0.158,0.0,1.0,3,,0,0.8444,0.3974
2026-03-25,100,0.3037,0.0021,0.3022,0.0022,0.2081,0.0377,0.3037,0.0021,0.0828,0.413,,0,,0,0.86,0.4607
2026-03-26,629,0.3174,0.0,0.3293,0.0,0.2019,0.0,0.3174,0.0,0.1126,0.0047,0.6,5,,0,0.8712,0.4114
2026-03-27,100,0.3722,0.0001,0.3756,0.0001,0.2754,0.0056,0.3722,0.0001,0.314,0.0015,,0,,0,0.82,0.4143
2026-03-28,728,0.3589,0.0,0.3674,0.0,0.2694,0.0,0.3589,0.0,0.2047,0.0,0.5,4,,0,0.8393,0.4245
2026-03-29,289,0.2649,0.0,0.2696,0.0,0.1559,0.0079,0.2649,0.0,0.0674,0.2532,0.6667,3,,0,0.8374,0.4584
2026-03-30,243,0.347,0.0,0.3458,0.0,0.2757,0.0,0.347,0.0,0.1132,0.0783,,0,,0,0.7654,0.5761
2026-03-31,496,0.3698,0.0,0.3783,0.0,0.2929,0.0,0.3698,0.0,0.1606,0.0003,0.6667,3,,0,0.8528,0.4398
2026-04-01,225,0.2518,0.0001,0.2734,0.0,0.1336,0.0454,0.2518,0.0001,0.0479,0.4751,0.0,4,,0,0.84,0.4649
2026-04-02,448,0.2244,0.0,0.2392,0.0,0.0778,0.1002,0.2244,0.0,-0.0056,0.9063,1.0,1,,0,0.8125,0.4865
2026-04-03,228,0.2335,0.0004,0.2556,0.0001,0.0788,0.2359,0.2335,0.0004,-0.016,0.8097,,0,,0,0.8026,0.5212
2026-04-04,746,0.3295,0.0,0.3396,0.0,0.209,0.0,0.3295,0.0,0.1431,0.0001,0.6,5,,0,0.8324,0.458
2026-04-05,114,0.3813,0.0,0.4095,0.0,0.3188,0.0005,0.3813,0.0,0.1976,0.0351,,0,,0,0.9035,0.3601
2026-04-06,60,0.3783,0.0029,0.3854,0.0024,0.2332,0.0729,0.3783,0.0029,0.0891,0.4982,,0,,0,0.8667,0.3929
2026-04-13,517,0.2846,0.0,0.2958,0.0,0.1599,0.0003,0.2846,0.0,0.1339,0.0023,0.0,1,,0,0.8549,0.4085
2026-04-14,474,0.279,0.0,0.2847,0.0,0.1799,0.0001,0.279,0.0,0.1634,0.0004,0.0,1,,0,0.8565,0.406
2026-04-15,316,0.2339,0.0,0.2321,0.0,0.2274,0.0,0.2339,0.0,0.2249,0.0001,0.6667,3,,0,0.8038,0.4704
2026-04-16,304,0.3184,0.0,0.3138,0.0,0.1815,0.0015,0.3184,0.0,0.121,0.035,1.0,1,,0,0.8355,0.4261
