date,game_id,team,opponent,player_id,name,target,model_name,model_version,distribution,lambda_or_mu,q10,q90,p_ge_k_json,run_id,created_ts
2025-11-25,24333,DAL,EDM,30000166,Alexander Petrovic,points,rf_qrf_points,0.3.0,empirical_qrf,0.3382169312169312,0.0,0.8,,6630058574292782112,2025-11-25 14:03:21.316370
2025-11-25,24333,DAL,EDM,30000702,Antoine Bibeau,points,rf_qrf_points,0.3.0,empirical_qrf,0.0,0.0,0.0,,6630058574292782112,2025-11-25 14:03:21.316370
2025-11-25,24333,DAL,EDM,30000735,Adam Erne,points,rf_qrf_points,0.3.0,empirical_qrf,0.08061507936507936,0.0,0.5,,6630058574292782112,2025-11-25 14:03:21.316370
2025-11-25,24333,DAL,EDM,30000750,Radek Faksa,points,rf_qrf_points,0.3.0,empirical_qrf,0.13173412698412698,0.0,0.5,,6630058574292782112,2025-11-25 14:03:21.316370
2025-11-25,24333,DAL,EDM,30000755,Esa Lindell,points,rf_qrf_points,0.3.0,empirical_qrf,0.0,0.0,0.0,,6630058574292782112,2025-11-25 14:03:21.316370
2025-11-25,24333,DAL,EDM,30000756,Curtis McKenzie,points,rf_qrf_points,0.3.0,empirical_qrf,0.0,0.0,0.0,,6630058574292782112,2025-11-25 14:03:21.316370
2025-11-25,24333,EDM,DAL,30006112,Beau Akey,points,rf_qrf_points,0.3.0,empirical_qrf,0.0,0.0,0.0,,6630058574292782112,2025-11-25 14:03:21.316370
2025-11-25,24333,EDM,DAL,30006225,Nathaniel Day,points,rf_qrf_points,0.3.0,empirical_qrf,0.0,0.0,0.0,,6630058574292782112,2025-11-25 14:03:21.316370
2025-11-25,24333,EDM,DAL,30006327,Matt Brown,points,rf_qrf_points,0.3.0,empirical_qrf,0.0,0.0,0.0,,6630058574292782112,2025-11-25 14:03:21.316370
2025-11-25,24333,EDM,DAL,30006393,Connor Clattenburg,points,rf_qrf_points,0.3.0,empirical_qrf,0.0,0.0,0.0,,6630058574292782112,2025-11-25 14:03:21.316370
2025-11-25,24333,EDM,DAL,30006846,David Tomasek,points,rf_qrf_points,0.3.0,empirical_qrf,0.0,0.0,0.0,,6630058574292782112,2025-11-25 14:03:21.316370
2025-11-25,24333,EDM,DAL,30005174,Matvey Petrov,points,rf_qrf_points,0.3.0,empirical_qrf,0.0,0.0,0.0,,6630058574292782112,2025-11-25 14:03:21.316370
2025-11-25,24333,EDM,DAL,30005177,James Hamblin,points,rf_qrf_points,0.3.0,empirical_qrf,0.0,0.0,0.0,,6630058574292782112,2025-11-25 14:03:21.316370
2025-11-25,24333,EDM,DAL,30005185,Jayden Grubbe,points,rf_qrf_points,0.3.0,empirical_qrf,0.0,0.0,0.0,,6630058574292782112,2025-11-25 14:03:21.316370
2025-11-25,24333,EDM,DAL,30005633,Matt Savoie,points,rf_qrf_points,0.3.0,empirical_qrf,0.0,0.0,0.0,,6630058574292782112,2025-11-25 14:03:21.316370
2025-11-25,24333,EDM,DAL,30005731,Mats Lindgren,points,rf_qrf_points,0.3.0,empirical_qrf,0.0,0.0,0.0,,6630058574292782112,2025-11-25 14:03:21.316370
2025-11-25,24333,EDM,DAL,30005931,Brady Stonehouse,points,rf_qrf_points,0.3.0,empirical_qrf,0.0,0.0,0.0,,6630058574292782112,2025-11-25 14:03:21.316370
2025-11-25,24333,EDM,DAL,30004081,Evan Bouchard,points,rf_qrf_points,0.3.0,empirical_qrf,0.0,0.0,0.0,,6630058574292782112,2025-11-25 14:03:21.316370
2025-11-25,24333,EDM,DAL,30004156,Alec Regula,points,rf_qrf_points,0.3.0,empirical_qrf,0.0,0.0,0.0,,6630058574292782112,2025-11-25 14:03:21.316370
2025-11-25,24333,EDM,DAL,30004165,Ty Emberson,points,rf_qrf_points,0.3.0,empirical_qrf,0.0,0.0,0.0,,6630058574292782112,2025-11-25 14:03:21.316370
2025-11-25,24333,EDM,DAL,30004476,Vasily Podkolzin,points,rf_qrf_points,0.3.0,empirical_qrf,0.0,0.0,0.0,,6630058574292782112,2025-11-25 14:03:21.316370
2025-11-25,24333,EDM,DAL,30004625,Mason Millman,points,rf_qrf_points,0.3.0,empirical_qrf,0.0,0.0,0.0,,6630058574292782112,2025-11-25 14:03:21.316370
2025-11-25,24333,EDM,DAL,30004871,Luke Prokop,points,rf_qrf_points,0.3.0,empirical_qrf,0.0,0.0,0.0,,6630058574292782112,2025-11-25 14:03:21.316370
2025-11-25,24333,EDM,DAL,30002787,Connor Ingram,points,rf_qrf_points,0.3.0,empirical_qrf,0.0,0.0,0.0,,6630058574292782112,2025-11-25 14:03:21.316370
2025-11-25,24333,EDM,DAL,30002824,Jack Roslovic,points,rf_qrf_points,0.3.0,empirical_qrf,0.0,0.0,0.0,,6630058574292782112,2025-11-25 14:03:21.316370
2025-11-25,24333,EDM,DAL,30003157,Trent Frederic,points,rf_qrf_points,0.3.0,empirical_qrf,0.0,0.0,0.0,,6630058574292782112,2025-11-25 14:03:21.316370
2025-11-25,24333,EDM,DAL,30003211,Rem Pitlick,points,rf_qrf_points,0.3.0,empirical_qrf,0.0,0.0,0.0,,6630058574292782112,2025-11-25 14:03:21.316370
2025-11-25,24333,EDM,DAL,30003729,Stuart Skinner,points,rf_qrf_points,0.3.0,empirical_qrf,0.0,0.0,0.0,,6630058574292782112,2025-11-25 14:03:21.316370
2025-11-25,24333,EDM,DAL,30003770,Matt Tomkins,points,rf_qrf_points,0.3.0,empirical_qrf,0.0,0.0,0.0,,6630058574292782112,2025-11-25 14:03:21.316370
2025-11-25,24333,EDM,DAL,30001076,Leon Draisaitl,points,rf_qrf_points,0.3.0,empirical_qrf,0.0,0.0,0.0,,6630058574292782112,2025-11-25 14:03:21.316370
2025-11-25,24333,EDM,DAL,30001233,Connor McDavid,points,rf_qrf_points,0.3.0,empirical_qrf,0.0,0.0,0.0,,6630058574292782112,2025-11-25 14:03:21.316370
2025-11-25,24333,EDM,DAL,30001304,Calvin Pickard,points,rf_qrf_points,0.3.0,empirical_qrf,0.0,0.0,0.0,,6630058574292782112,2025-11-25 14:03:21.316370
2025-11-25,24333,EDM,DAL,30001368,Seth Griffith,points,rf_qrf_points,0.3.0,empirical_qrf,0.0,0.0,0.0,,6630058574292782112,2025-11-25 14:03:21.316370
2025-11-25,24333,EDM,DAL,30002218,Andrew Mangiapane,points,rf_qrf_points,0.3.0,empirical_qrf,0.0,0.0,0.0,,6630058574292782112,2025-11-25 14:03:21.316370
2025-11-25,24333,EDM,DAL,30002623,Jake Walman,points,rf_qrf_points,0.3.0,empirical_qrf,0.0,0.0,0.0,,6630058574292782112,2025-11-25 14:03:21.316370
2025-11-25,24333,EDM,DAL,30000540,Ryan Nugent-Hopkins,points,rf_qrf_points,0.3.0,empirical_qrf,0.0,0.0,0.0,,6630058574292782112,2025-11-25 14:03:21.316370
2025-11-25,24333,EDM,DAL,30000549,Darnell Nurse,points,rf_qrf_points,0.3.0,empirical_qrf,0.0,0.0,0.0,,6630058574292782112,2025-11-25 14:03:21.316370
2025-11-25,24333,EDM,DAL,30000557,Brett Kulak,points,rf_qrf_points,0.3.0,empirical_qrf,0.0,0.0,0.0,,6630058574292782112,2025-11-25 14:03:21.316370
2025-11-25,24333,EDM,DAL,30000752,Mattias Janmark,points,rf_qrf_points,0.3.0,empirical_qrf,0.0,0.0,0.0,,6630058574292782112,2025-11-25 14:03:21.316370
2025-11-25,24333,EDM,DAL,30000965,Curtis Lazar,points,rf_qrf_points,0.3.0,empirical_qrf,0.0,0.0,0.0,,6630058574292782112,2025-11-25 14:03:21.316370
2025-11-25,24333,EDM,DAL,30000987,Adam Henrique,points,rf_qrf_points,0.3.0,empirical_qrf,0.0,0.0,0.0,,6630058574292782112,2025-11-25 14:03:21.316370
2025-11-25,24333,DAL,EDM,30006362,Connor Punnett,points,rf_qrf_points,0.3.0,empirical_qrf,0.0,0.0,0.0,,6630058574292782112,2025-11-25 14:03:21.316370
2025-11-25,24333,DAL,EDM,30006457,Justin Hryckowian,points,rf_qrf_points,0.3.0,empirical_qrf,0.0,0.0,0.0,,6630058574292782112,2025-11-25 14:03:21.316370
2025-11-25,24333,EDM,DAL,30000180,Josh Brown,points,rf_qrf_points,0.3.0,empirical_qrf,0.0,0.0,0.0,,6630058574292782112,2025-11-25 14:03:21.316370
2025-11-25,24333,EDM,DAL,30000250,Mattias Ekholm,points,rf_qrf_points,0.3.0,empirical_qrf,0.0,0.0,0.0,,6630058574292782112,2025-11-25 14:03:21.316370
2025-11-25,24333,EDM,DAL,30000440,Zach Hyman,points,rf_qrf_points,0.3.0,empirical_qrf,0.0,0.0,0.0,,6630058574292782112,2025-11-25 14:03:21.316370
2025-11-25,24333,EDM,DAL,30000443,Kasperi Kapanen,points,rf_qrf_points,0.3.0,empirical_qrf,0.16527777777777777,0.0,0.6666666666666666,,6630058574292782112,2025-11-25 14:03:21.316370
2025-11-25,24333,DAL,EDM,30004546,Vladislav Kolyachonok,points,rf_qrf_points,0.3.0,empirical_qrf,0.0,0.0,0.0,,6630058574292782112,2025-11-25 14:03:21.316370
2025-11-25,24333,DAL,EDM,30004796,Mavrik Bourque,points,rf_qrf_points,0.3.0,empirical_qrf,0.0,0.0,0.0,,6630058574292782112,2025-11-25 14:03:21.316370
2025-11-25,24333,DAL,EDM,30004844,Cross Hanas,points,rf_qrf_points,0.3.0,empirical_qrf,0.0,0.0,0.0,,6630058574292782112,2025-11-25 14:03:21.316370
2025-11-25,24333,DAL,EDM,30005004,Wyatt Johnston,points,rf_qrf_points,0.3.0,empirical_qrf,0.005694444444444444,0.0,0.0,,6630058574292782112,2025-11-25 14:03:21.316370
2025-11-25,24333,DAL,EDM,30005062,Oskar B채ck,points,rf_qrf_points,0.3.0,empirical_qrf,0.0,0.0,0.0,,6630058574292782112,2025-11-25 14:03:21.316370
2025-11-25,24333,DAL,EDM,30005640,Lian Bichsel,points,rf_qrf_points,0.3.0,empirical_qrf,0.0,0.0,0.0,,6630058574292782112,2025-11-25 14:03:21.316370
2025-11-25,24333,DAL,EDM,30003658,Jake Oettinger,points,rf_qrf_points,0.3.0,empirical_qrf,0.0,0.0,0.0,,6630058574292782112,2025-11-25 14:03:21.316370
2025-11-25,24333,DAL,EDM,30003689,Jason Robertson,points,rf_qrf_points,0.3.0,empirical_qrf,0.0016666666666666668,0.0,0.0,,6630058574292782112,2025-11-25 14:03:21.316370
2025-11-25,24333,DAL,EDM,30003695,Kole Lind,points,rf_qrf_points,0.3.0,empirical_qrf,0.0,0.0,0.0,,6630058574292782112,2025-11-25 14:03:21.316370
2025-11-25,24333,DAL,EDM,30004061,Ilya Lyubushkin,points,rf_qrf_points,0.3.0,empirical_qrf,0.0,0.0,0.0,,6630058574292782112,2025-11-25 14:03:21.316370
2025-11-25,24333,DAL,EDM,30004103,Nils Lundkvist,points,rf_qrf_points,0.3.0,empirical_qrf,0.0,0.0,0.0,,6630058574292782112,2025-11-25 14:03:21.316370
2025-11-25,24333,DAL,EDM,30004482,Thomas Harley,points,rf_qrf_points,0.3.0,empirical_qrf,0.0,0.0,0.0,,6630058574292782112,2025-11-25 14:03:21.316370
2025-11-25,24333,DAL,EDM,30003156,Sam Steel,points,rf_qrf_points,0.3.0,empirical_qrf,0.0,0.0,0.0,,6630058574292782112,2025-11-25 14:03:21.316370
2025-11-25,24333,DAL,EDM,30003165,Nate Bastian,points,rf_qrf_points,0.3.0,empirical_qrf,0.0,0.0,0.0,,6630058574292782112,2025-11-25 14:03:21.316370
2025-11-25,24333,DAL,EDM,30003357,Colin Blackwell,points,rf_qrf_points,0.3.0,empirical_qrf,0.0,0.0,0.0,,6630058574292782112,2025-11-25 14:03:21.316370
2025-11-25,24333,DAL,EDM,30003376,Casey DeSmith,points,rf_qrf_points,0.3.0,empirical_qrf,0.0,0.0,0.0,,6630058574292782112,2025-11-25 14:03:21.316370
2025-11-25,24333,DAL,EDM,30003585,Cameron Hughes,points,rf_qrf_points,0.3.0,empirical_qrf,0.0033015873015873015,0.0,0.0,,6630058574292782112,2025-11-25 14:03:21.316370
2025-11-25,24333,DAL,EDM,30003640,Miro Heiskanen,points,rf_qrf_points,0.3.0,empirical_qrf,0.0,0.0,0.0,,6630058574292782112,2025-11-25 14:03:21.316370
2025-11-25,24333,DAL,EDM,30000762,Tyler Seguin,points,rf_qrf_points,0.3.0,empirical_qrf,0.0,0.0,0.0,,6630058574292782112,2025-11-25 14:03:21.316370
2025-11-25,24333,DAL,EDM,30000906,Mikko Rantanen,points,rf_qrf_points,0.3.0,empirical_qrf,0.0,0.0,0.0,,6630058574292782112,2025-11-25 14:03:21.316370
2025-11-25,24333,DAL,EDM,30001146,Matt Duchene,points,rf_qrf_points,0.3.0,empirical_qrf,0.0,0.0,0.0,,6630058574292782112,2025-11-25 14:03:21.316370
2025-11-25,24333,DAL,EDM,30001302,Jamie Benn,points,rf_qrf_points,0.3.0,empirical_qrf,0.0,0.0,0.0,,6630058574292782112,2025-11-25 14:03:21.316370
2025-11-25,24333,DAL,EDM,30002811,Roope Hintz,points,rf_qrf_points,0.3.0,empirical_qrf,0.0,0.0,0.0,,6630058574292782112,2025-11-25 14:03:21.316370
2025-11-25,24333,DAL,EDM,30002842,Kyle Capobianco,points,rf_qrf_points,0.3.0,empirical_qrf,0.0,0.0,0.0,,6630058574292782112,2025-11-25 14:03:21.316370
2025-11-25,24333,DAL,EDM,30000166,Alexander Petrovic,goals,rf_qrf_goals,0.3.0,empirical_qrf,0.0,0.0,0.0,,6630058574292782112,2025-11-25 14:03:22.192368
2025-11-25,24333,DAL,EDM,30000702,Antoine Bibeau,goals,rf_qrf_goals,0.3.0,empirical_qrf,0.0,0.0,0.0,,6630058574292782112,2025-11-25 14:03:22.192368
2025-11-25,24333,DAL,EDM,30000735,Adam Erne,goals,rf_qrf_goals,0.3.0,empirical_qrf,0.0,0.0,0.0,,6630058574292782112,2025-11-25 14:03:22.192368
2025-11-25,24333,DAL,EDM,30000750,Radek Faksa,goals,rf_qrf_goals,0.3.0,empirical_qrf,0.14412896825396823,0.0,0.5,,6630058574292782112,2025-11-25 14:03:22.192368
2025-11-25,24333,DAL,EDM,30000755,Esa Lindell,goals,rf_qrf_goals,0.3.0,empirical_qrf,0.0,0.0,0.0,,6630058574292782112,2025-11-25 14:03:22.192368
2025-11-25,24333,DAL,EDM,30000756,Curtis McKenzie,goals,rf_qrf_goals,0.3.0,empirical_qrf,0.0,0.0,0.0,,6630058574292782112,2025-11-25 14:03:22.192368
2025-11-25,24333,EDM,DAL,30006112,Beau Akey,goals,rf_qrf_goals,0.3.0,empirical_qrf,0.0,0.0,0.0,,6630058574292782112,2025-11-25 14:03:22.192368
2025-11-25,24333,EDM,DAL,30006225,Nathaniel Day,goals,rf_qrf_goals,0.3.0,empirical_qrf,0.0,0.0,0.0,,6630058574292782112,2025-11-25 14:03:22.192368
2025-11-25,24333,EDM,DAL,30006327,Matt Brown,goals,rf_qrf_goals,0.3.0,empirical_qrf,0.0,0.0,0.0,,6630058574292782112,2025-11-25 14:03:22.192368
2025-11-25,24333,EDM,DAL,30006393,Connor Clattenburg,goals,rf_qrf_goals,0.3.0,empirical_qrf,0.0,0.0,0.0,,6630058574292782112,2025-11-25 14:03:22.192368
2025-11-25,24333,EDM,DAL,30006846,David Tomasek,goals,rf_qrf_goals,0.3.0,empirical_qrf,0.0,0.0,0.0,,6630058574292782112,2025-11-25 14:03:22.192368
2025-11-25,24333,EDM,DAL,30005174,Matvey Petrov,goals,rf_qrf_goals,0.3.0,empirical_qrf,0.0,0.0,0.0,,6630058574292782112,2025-11-25 14:03:22.192368
2025-11-25,24333,EDM,DAL,30005177,James Hamblin,goals,rf_qrf_goals,0.3.0,empirical_qrf,0.0,0.0,0.0,,6630058574292782112,2025-11-25 14:03:22.192368
2025-11-25,24333,EDM,DAL,30005185,Jayden Grubbe,goals,rf_qrf_goals,0.3.0,empirical_qrf,0.0,0.0,0.0,,6630058574292782112,2025-11-25 14:03:22.192368
2025-11-25,24333,EDM,DAL,30005633,Matt Savoie,goals,rf_qrf_goals,0.3.0,empirical_qrf,0.0,0.0,0.0,,6630058574292782112,2025-11-25 14:03:22.192368
2025-11-25,24333,EDM,DAL,30005731,Mats Lindgren,goals,rf_qrf_goals,0.3.0,empirical_qrf,0.0,0.0,0.0,,6630058574292782112,2025-11-25 14:03:22.192368
2025-11-25,24333,EDM,DAL,30005931,Brady Stonehouse,goals,rf_qrf_goals,0.3.0,empirical_qrf,0.0,0.0,0.0,,6630058574292782112,2025-11-25 14:03:22.192368
2025-11-25,24333,EDM,DAL,30004081,Evan Bouchard,goals,rf_qrf_goals,0.3.0,empirical_qrf,0.0,0.0,0.0,,6630058574292782112,2025-11-25 14:03:22.192368
2025-11-25,24333,EDM,DAL,30004156,Alec Regula,goals,rf_qrf_goals,0.3.0,empirical_qrf,0.0,0.0,0.0,,6630058574292782112,2025-11-25 14:03:22.192368
2025-11-25,24333,EDM,DAL,30004165,Ty Emberson,goals,rf_qrf_goals,0.3.0,empirical_qrf,0.0,0.0,0.0,,6630058574292782112,2025-11-25 14:03:22.192368
2025-11-25,24333,EDM,DAL,30004476,Vasily Podkolzin,goals,rf_qrf_goals,0.3.0,empirical_qrf,0.0,0.0,0.0,,6630058574292782112,2025-11-25 14:03:22.192368
2025-11-25,24333,EDM,DAL,30004625,Mason Millman,goals,rf_qrf_goals,0.3.0,empirical_qrf,0.0,0.0,0.0,,6630058574292782112,2025-11-25 14:03:22.192368
2025-11-25,24333,EDM,DAL,30004871,Luke Prokop,goals,rf_qrf_goals,0.3.0,empirical_qrf,0.0,0.0,0.0,,6630058574292782112,2025-11-25 14:03:22.192368
2025-11-25,24333,EDM,DAL,30002787,Connor Ingram,goals,rf_qrf_goals,0.3.0,empirical_qrf,0.0,0.0,0.0,,6630058574292782112,2025-11-25 14:03:22.192368
2025-11-25,24333,EDM,DAL,30002824,Jack Roslovic,goals,rf_qrf_goals,0.3.0,empirical_qrf,0.0,0.0,0.0,,6630058574292782112,2025-11-25 14:03:22.192368
2025-11-25,24333,EDM,DAL,30003157,Trent Frederic,goals,rf_qrf_goals,0.3.0,empirical_qrf,0.0,0.0,0.0,,6630058574292782112,2025-11-25 14:03:22.192368
2025-11-25,24333,EDM,DAL,30003211,Rem Pitlick,goals,rf_qrf_goals,0.3.0,empirical_qrf,0.0,0.0,0.0,,6630058574292782112,2025-11-25 14:03:22.192368
2025-11-25,24333,EDM,DAL,30003729,Stuart Skinner,goals,rf_qrf_goals,0.3.0,empirical_qrf,0.0,0.0,0.0,,6630058574292782112,2025-11-25 14:03:22.192368
2025-11-25,24333,EDM,DAL,30003770,Matt Tomkins,goals,rf_qrf_goals,0.3.0,empirical_qrf,0.0,0.0,0.0,,6630058574292782112,2025-11-25 14:03:22.192368
2025-11-25,24333,EDM,DAL,30001076,Leon Draisaitl,goals,rf_qrf_goals,0.3.0,empirical_qrf,0.0027777777777777775,0.0,0.0,,6630058574292782112,2025-11-25 14:03:22.192368
2025-11-25,24333,EDM,DAL,30001233,Connor McDavid,goals,rf_qrf_goals,0.3.0,empirical_qrf,0.0,0.0,0.0,,6630058574292782112,2025-11-25 14:03:22.192368
2025-11-25,24333,EDM,DAL,30001304,Calvin Pickard,goals,rf_qrf_goals,0.3.0,empirical_qrf,0.0,0.0,0.0,,6630058574292782112,2025-11-25 14:03:22.192368
2025-11-25,24333,EDM,DAL,30001368,Seth Griffith,goals,rf_qrf_goals,0.3.0,empirical_qrf,0.0,0.0,0.0,,6630058574292782112,2025-11-25 14:03:22.192368
2025-11-25,24333,EDM,DAL,30002218,Andrew Mangiapane,goals,rf_qrf_goals,0.3.0,empirical_qrf,0.0,0.0,0.0,,6630058574292782112,2025-11-25 14:03:22.192368
2025-11-25,24333,EDM,DAL,30002623,Jake Walman,goals,rf_qrf_goals,0.3.0,empirical_qrf,0.00975,0.0,0.0,,6630058574292782112,2025-11-25 14:03:22.192368
2025-11-25,24333,EDM,DAL,30000540,Ryan Nugent-Hopkins,goals,rf_qrf_goals,0.3.0,empirical_qrf,0.0,0.0,0.0,,6630058574292782112,2025-11-25 14:03:22.192368
2025-11-25,24333,EDM,DAL,30000549,Darnell Nurse,goals,rf_qrf_goals,0.3.0,empirical_qrf,0.0,0.0,0.0,,6630058574292782112,2025-11-25 14:03:22.192368
2025-11-25,24333,EDM,DAL,30000557,Brett Kulak,goals,rf_qrf_goals,0.3.0,empirical_qrf,0.0,0.0,0.0,,6630058574292782112,2025-11-25 14:03:22.192368
2025-11-25,24333,EDM,DAL,30000752,Mattias Janmark,goals,rf_qrf_goals,0.3.0,empirical_qrf,0.0,0.0,0.0,,6630058574292782112,2025-11-25 14:03:22.192368
2025-11-25,24333,EDM,DAL,30000965,Curtis Lazar,goals,rf_qrf_goals,0.3.0,empirical_qrf,0.0,0.0,0.0,,6630058574292782112,2025-11-25 14:03:22.192368
2025-11-25,24333,EDM,DAL,30000987,Adam Henrique,goals,rf_qrf_goals,0.3.0,empirical_qrf,0.0,0.0,0.0,,6630058574292782112,2025-11-25 14:03:22.192368
2025-11-25,24333,DAL,EDM,30006362,Connor Punnett,goals,rf_qrf_goals,0.3.0,empirical_qrf,0.0,0.0,0.0,,6630058574292782112,2025-11-25 14:03:22.192368
2025-11-25,24333,DAL,EDM,30006457,Justin Hryckowian,goals,rf_qrf_goals,0.3.0,empirical_qrf,0.0,0.0,0.0,,6630058574292782112,2025-11-25 14:03:22.192368
2025-11-25,24333,EDM,DAL,30000180,Josh Brown,goals,rf_qrf_goals,0.3.0,empirical_qrf,0.0,0.0,0.0,,6630058574292782112,2025-11-25 14:03:22.192368
2025-11-25,24333,EDM,DAL,30000250,Mattias Ekholm,goals,rf_qrf_goals,0.3.0,empirical_qrf,0.0,0.0,0.0,,6630058574292782112,2025-11-25 14:03:22.192368
2025-11-25,24333,EDM,DAL,30000440,Zach Hyman,goals,rf_qrf_goals,0.3.0,empirical_qrf,0.0,0.0,0.0,,6630058574292782112,2025-11-25 14:03:22.192368
2025-11-25,24333,EDM,DAL,30000443,Kasperi Kapanen,goals,rf_qrf_goals,0.3.0,empirical_qrf,0.2857361111111111,0.0,0.8,,6630058574292782112,2025-11-25 14:03:22.192368
2025-11-25,24333,DAL,EDM,30004546,Vladislav Kolyachonok,goals,rf_qrf_goals,0.3.0,empirical_qrf,0.0,0.0,0.0,,6630058574292782112,2025-11-25 14:03:22.192368
2025-11-25,24333,DAL,EDM,30004796,Mavrik Bourque,goals,rf_qrf_goals,0.3.0,empirical_qrf,0.0,0.0,0.0,,6630058574292782112,2025-11-25 14:03:22.192368
2025-11-25,24333,DAL,EDM,30004844,Cross Hanas,goals,rf_qrf_goals,0.3.0,empirical_qrf,0.0,0.0,0.0,,6630058574292782112,2025-11-25 14:03:22.192368
2025-11-25,24333,DAL,EDM,30005004,Wyatt Johnston,goals,rf_qrf_goals,0.3.0,empirical_qrf,0.0027777777777777775,0.0,0.0,,6630058574292782112,2025-11-25 14:03:22.192368
2025-11-25,24333,DAL,EDM,30005062,Oskar B채ck,goals,rf_qrf_goals,0.3.0,empirical_qrf,0.0,0.0,0.0,,6630058574292782112,2025-11-25 14:03:22.192368
2025-11-25,24333,DAL,EDM,30005640,Lian Bichsel,goals,rf_qrf_goals,0.3.0,empirical_qrf,0.0,0.0,0.0,,6630058574292782112,2025-11-25 14:03:22.192368
2025-11-25,24333,DAL,EDM,30003658,Jake Oettinger,goals,rf_qrf_goals,0.3.0,empirical_qrf,0.0,0.0,0.0,,6630058574292782112,2025-11-25 14:03:22.192368
2025-11-25,24333,DAL,EDM,30003689,Jason Robertson,goals,rf_qrf_goals,0.3.0,empirical_qrf,0.0044444444444444444,0.0,0.0,,6630058574292782112,2025-11-25 14:03:22.192368
2025-11-25,24333,DAL,EDM,30003695,Kole Lind,goals,rf_qrf_goals,0.3.0,empirical_qrf,0.0,0.0,0.0,,6630058574292782112,2025-11-25 14:03:22.192368
2025-11-25,24333,DAL,EDM,30004061,Ilya Lyubushkin,goals,rf_qrf_goals,0.3.0,empirical_qrf,0.0,0.0,0.0,,6630058574292782112,2025-11-25 14:03:22.192368
2025-11-25,24333,DAL,EDM,30004103,Nils Lundkvist,goals,rf_qrf_goals,0.3.0,empirical_qrf,0.0,0.0,0.0,,6630058574292782112,2025-11-25 14:03:22.192368
2025-11-25,24333,DAL,EDM,30004482,Thomas Harley,goals,rf_qrf_goals,0.3.0,empirical_qrf,0.0,0.0,0.0,,6630058574292782112,2025-11-25 14:03:22.192368
2025-11-25,24333,DAL,EDM,30003156,Sam Steel,goals,rf_qrf_goals,0.3.0,empirical_qrf,0.0,0.0,0.0,,6630058574292782112,2025-11-25 14:03:22.192368
2025-11-25,24333,DAL,EDM,30003165,Nate Bastian,goals,rf_qrf_goals,0.3.0,empirical_qrf,0.0,0.0,0.0,,6630058574292782112,2025-11-25 14:03:22.192368
2025-11-25,24333,DAL,EDM,30003357,Colin Blackwell,goals,rf_qrf_goals,0.3.0,empirical_qrf,0.0,0.0,0.0,,6630058574292782112,2025-11-25 14:03:22.192368
2025-11-25,24333,DAL,EDM,30003376,Casey DeSmith,goals,rf_qrf_goals,0.3.0,empirical_qrf,0.0,0.0,0.0,,6630058574292782112,2025-11-25 14:03:22.192368
2025-11-25,24333,DAL,EDM,30003585,Cameron Hughes,goals,rf_qrf_goals,0.3.0,empirical_qrf,0.0,0.0,0.0,,6630058574292782112,2025-11-25 14:03:22.192368
2025-11-25,24333,DAL,EDM,30003640,Miro Heiskanen,goals,rf_qrf_goals,0.3.0,empirical_qrf,0.0,0.0,0.0,,6630058574292782112,2025-11-25 14:03:22.192368
2025-11-25,24333,DAL,EDM,30000762,Tyler Seguin,goals,rf_qrf_goals,0.3.0,empirical_qrf,0.0,0.0,0.0,,6630058574292782112,2025-11-25 14:03:22.192368
2025-11-25,24333,DAL,EDM,30000906,Mikko Rantanen,goals,rf_qrf_goals,0.3.0,empirical_qrf,0.0,0.0,0.0,,6630058574292782112,2025-11-25 14:03:22.192368
2025-11-25,24333,DAL,EDM,30001146,Matt Duchene,goals,rf_qrf_goals,0.3.0,empirical_qrf,0.0,0.0,0.0,,6630058574292782112,2025-11-25 14:03:22.192368
2025-11-25,24333,DAL,EDM,30001302,Jamie Benn,goals,rf_qrf_goals,0.3.0,empirical_qrf,0.0,0.0,0.0,,6630058574292782112,2025-11-25 14:03:22.192368
2025-11-25,24333,DAL,EDM,30002811,Roope Hintz,goals,rf_qrf_goals,0.3.0,empirical_qrf,0.0,0.0,0.0,,6630058574292782112,2025-11-25 14:03:22.192368
2025-11-25,24333,DAL,EDM,30002842,Kyle Capobianco,goals,rf_qrf_goals,0.3.0,empirical_qrf,0.0,0.0,0.0,,6630058574292782112,2025-11-25 14:03:22.192368
2025-11-25,24333,DAL,EDM,30000166,Alexander Petrovic,assists,rf_qrf_assists,0.3.0,empirical_qrf,0.24574963924963925,0.0,0.75,,6630058574292782112,2025-11-25 14:03:23.288311
2025-11-25,24333,DAL,EDM,30000702,Antoine Bibeau,assists,rf_qrf_assists,0.3.0,empirical_qrf,0.0,0.0,0.0,,6630058574292782112,2025-11-25 14:03:23.288311
2025-11-25,24333,DAL,EDM,30000735,Adam Erne,assists,rf_qrf_assists,0.3.0,empirical_qrf,0.02872979797979798,0.0,0.0,,6630058574292782112,2025-11-25 14:03:23.288311
2025-11-25,24333,DAL,EDM,30000750,Radek Faksa,assists,rf_qrf_assists,0.3.0,empirical_qrf,0.0,0.0,0.0,,6630058574292782112,2025-11-25 14:03:23.288311
2025-11-25,24333,DAL,EDM,30000755,Esa Lindell,assists,rf_qrf_assists,0.3.0,empirical_qrf,0.0,0.0,0.0,,6630058574292782112,2025-11-25 14:03:23.288311
2025-11-25,24333,DAL,EDM,30000756,Curtis McKenzie,assists,rf_qrf_assists,0.3.0,empirical_qrf,0.0,0.0,0.0,,6630058574292782112,2025-11-25 14:03:23.288311
2025-11-25,24333,EDM,DAL,30006112,Beau Akey,assists,rf_qrf_assists,0.3.0,empirical_qrf,0.0027777777777777775,0.0,0.0,,6630058574292782112,2025-11-25 14:03:23.288311
2025-11-25,24333,EDM,DAL,30006225,Nathaniel Day,assists,rf_qrf_assists,0.3.0,empirical_qrf,0.0,0.0,0.0,,6630058574292782112,2025-11-25 14:03:23.288311
2025-11-25,24333,EDM,DAL,30006327,Matt Brown,assists,rf_qrf_assists,0.3.0,empirical_qrf,0.0,0.0,0.0,,6630058574292782112,2025-11-25 14:03:23.288311
2025-11-25,24333,EDM,DAL,30006393,Connor Clattenburg,assists,rf_qrf_assists,0.3.0,empirical_qrf,0.0,0.0,0.0,,6630058574292782112,2025-11-25 14:03:23.288311
2025-11-25,24333,EDM,DAL,30006846,David Tomasek,assists,rf_qrf_assists,0.3.0,empirical_qrf,0.0,0.0,0.0,,6630058574292782112,2025-11-25 14:03:23.288311
2025-11-25,24333,EDM,DAL,30005174,Matvey Petrov,assists,rf_qrf_assists,0.3.0,empirical_qrf,0.0,0.0,0.0,,6630058574292782112,2025-11-25 14:03:23.288311
2025-11-25,24333,EDM,DAL,30005177,James Hamblin,assists,rf_qrf_assists,0.3.0,empirical_qrf,0.0,0.0,0.0,,6630058574292782112,2025-11-25 14:03:23.288311
2025-11-25,24333,EDM,DAL,30005185,Jayden Grubbe,assists,rf_qrf_assists,0.3.0,empirical_qrf,0.0,0.0,0.0,,6630058574292782112,2025-11-25 14:03:23.288311
2025-11-25,24333,EDM,DAL,30005633,Matt Savoie,assists,rf_qrf_assists,0.3.0,empirical_qrf,0.0,0.0,0.0,,6630058574292782112,2025-11-25 14:03:23.288311
2025-11-25,24333,EDM,DAL,30005731,Mats Lindgren,assists,rf_qrf_assists,0.3.0,empirical_qrf,0.0,0.0,0.0,,6630058574292782112,2025-11-25 14:03:23.288311
2025-11-25,24333,EDM,DAL,30005931,Brady Stonehouse,assists,rf_qrf_assists,0.3.0,empirical_qrf,0.0,0.0,0.0,,6630058574292782112,2025-11-25 14:03:23.288311
2025-11-25,24333,EDM,DAL,30004081,Evan Bouchard,assists,rf_qrf_assists,0.3.0,empirical_qrf,0.00125,0.0,0.0,,6630058574292782112,2025-11-25 14:03:23.288311
2025-11-25,24333,EDM,DAL,30004156,Alec Regula,assists,rf_qrf_assists,0.3.0,empirical_qrf,0.0,0.0,0.0,,6630058574292782112,2025-11-25 14:03:23.288311
2025-11-25,24333,EDM,DAL,30004165,Ty Emberson,assists,rf_qrf_assists,0.3.0,empirical_qrf,0.0,0.0,0.0,,6630058574292782112,2025-11-25 14:03:23.288311
2025-11-25,24333,EDM,DAL,30004476,Vasily Podkolzin,assists,rf_qrf_assists,0.3.0,empirical_qrf,0.0,0.0,0.0,,6630058574292782112,2025-11-25 14:03:23.288311
2025-11-25,24333,EDM,DAL,30004625,Mason Millman,assists,rf_qrf_assists,0.3.0,empirical_qrf,0.0,0.0,0.0,,6630058574292782112,2025-11-25 14:03:23.288311
2025-11-25,24333,EDM,DAL,30004871,Luke Prokop,assists,rf_qrf_assists,0.3.0,empirical_qrf,0.0,0.0,0.0,,6630058574292782112,2025-11-25 14:03:23.288311
2025-11-25,24333,EDM,DAL,30002787,Connor Ingram,assists,rf_qrf_assists,0.3.0,empirical_qrf,0.0,0.0,0.0,,6630058574292782112,2025-11-25 14:03:23.288311
2025-11-25,24333,EDM,DAL,30002824,Jack Roslovic,assists,rf_qrf_assists,0.3.0,empirical_qrf,0.0,0.0,0.0,,6630058574292782112,2025-11-25 14:03:23.288311
2025-11-25,24333,EDM,DAL,30003157,Trent Frederic,assists,rf_qrf_assists,0.3.0,empirical_qrf,0.0,0.0,0.0,,6630058574292782112,2025-11-25 14:03:23.288311
2025-11-25,24333,EDM,DAL,30003211,Rem Pitlick,assists,rf_qrf_assists,0.3.0,empirical_qrf,0.0,0.0,0.0,,6630058574292782112,2025-11-25 14:03:23.288311
2025-11-25,24333,EDM,DAL,30003729,Stuart Skinner,assists,rf_qrf_assists,0.3.0,empirical_qrf,0.0,0.0,0.0,,6630058574292782112,2025-11-25 14:03:23.288311
2025-11-25,24333,EDM,DAL,30003770,Matt Tomkins,assists,rf_qrf_assists,0.3.0,empirical_qrf,0.0,0.0,0.0,,6630058574292782112,2025-11-25 14:03:23.288311
2025-11-25,24333,EDM,DAL,30001076,Leon Draisaitl,assists,rf_qrf_assists,0.3.0,empirical_qrf,0.0,0.0,0.0,,6630058574292782112,2025-11-25 14:03:23.288311
2025-11-25,24333,EDM,DAL,30001233,Connor McDavid,assists,rf_qrf_assists,0.3.0,empirical_qrf,0.00125,0.0,0.0,,6630058574292782112,2025-11-25 14:03:23.288311
2025-11-25,24333,EDM,DAL,30001304,Calvin Pickard,assists,rf_qrf_assists,0.3.0,empirical_qrf,0.0,0.0,0.0,,6630058574292782112,2025-11-25 14:03:23.288311
2025-11-25,24333,EDM,DAL,30001368,Seth Griffith,assists,rf_qrf_assists,0.3.0,empirical_qrf,0.0,0.0,0.0,,6630058574292782112,2025-11-25 14:03:23.288311
2025-11-25,24333,EDM,DAL,30002218,Andrew Mangiapane,assists,rf_qrf_assists,0.3.0,empirical_qrf,0.0,0.0,0.0,,6630058574292782112,2025-11-25 14:03:23.288311
2025-11-25,24333,EDM,DAL,30002623,Jake Walman,assists,rf_qrf_assists,0.3.0,empirical_qrf,0.0009722222222222221,0.0,0.0,,6630058574292782112,2025-11-25 14:03:23.288311
2025-11-25,24333,EDM,DAL,30000540,Ryan Nugent-Hopkins,assists,rf_qrf_assists,0.3.0,empirical_qrf,0.0,0.0,0.0,,6630058574292782112,2025-11-25 14:03:23.288311
2025-11-25,24333,EDM,DAL,30000549,Darnell Nurse,assists,rf_qrf_assists,0.3.0,empirical_qrf,0.0008333333333333334,0.0,0.0,,6630058574292782112,2025-11-25 14:03:23.288311
2025-11-25,24333,EDM,DAL,30000557,Brett Kulak,assists,rf_qrf_assists,0.3.0,empirical_qrf,0.0,0.0,0.0,,6630058574292782112,2025-11-25 14:03:23.288311
2025-11-25,24333,EDM,DAL,30000752,Mattias Janmark,assists,rf_qrf_assists,0.3.0,empirical_qrf,0.0,0.0,0.0,,6630058574292782112,2025-11-25 14:03:23.288311
2025-11-25,24333,EDM,DAL,30000965,Curtis Lazar,assists,rf_qrf_assists,0.3.0,empirical_qrf,0.0,0.0,0.0,,6630058574292782112,2025-11-25 14:03:23.288311
2025-11-25,24333,EDM,DAL,30000987,Adam Henrique,assists,rf_qrf_assists,0.3.0,empirical_qrf,0.0,0.0,0.0,,6630058574292782112,2025-11-25 14:03:23.288311
2025-11-25,24333,DAL,EDM,30006362,Connor Punnett,assists,rf_qrf_assists,0.3.0,empirical_qrf,0.0,0.0,0.0,,6630058574292782112,2025-11-25 14:03:23.288311
2025-11-25,24333,DAL,EDM,30006457,Justin Hryckowian,assists,rf_qrf_assists,0.3.0,empirical_qrf,0.0,0.0,0.0,,6630058574292782112,2025-11-25 14:03:23.288311
2025-11-25,24333,EDM,DAL,30000180,Josh Brown,assists,rf_qrf_assists,0.3.0,empirical_qrf,0.0,0.0,0.0,,6630058574292782112,2025-11-25 14:03:23.288311
2025-11-25,24333,EDM,DAL,30000250,Mattias Ekholm,assists,rf_qrf_assists,0.3.0,empirical_qrf,0.0,0.0,0.0,,6630058574292782112,2025-11-25 14:03:23.288311
2025-11-25,24333,EDM,DAL,30000440,Zach Hyman,assists,rf_qrf_assists,0.3.0,empirical_qrf,0.0,0.0,0.0,,6630058574292782112,2025-11-25 14:03:23.288311
2025-11-25,24333,EDM,DAL,30000443,Kasperi Kapanen,assists,rf_qrf_assists,0.3.0,empirical_qrf,0.0,0.0,0.0,,6630058574292782112,2025-11-25 14:03:23.288311
2025-11-25,24333,DAL,EDM,30004546,Vladislav Kolyachonok,assists,rf_qrf_assists,0.3.0,empirical_qrf,0.0,0.0,0.0,,6630058574292782112,2025-11-25 14:03:23.288311
2025-11-25,24333,DAL,EDM,30004796,Mavrik Bourque,assists,rf_qrf_assists,0.3.0,empirical_qrf,0.0,0.0,0.0,,6630058574292782112,2025-11-25 14:03:23.288311
2025-11-25,24333,DAL,EDM,30004844,Cross Hanas,assists,rf_qrf_assists,0.3.0,empirical_qrf,0.0,0.0,0.0,,6630058574292782112,2025-11-25 14:03:23.288311
2025-11-25,24333,DAL,EDM,30005004,Wyatt Johnston,assists,rf_qrf_assists,0.3.0,empirical_qrf,0.0018055555555555555,0.0,0.0,,6630058574292782112,2025-11-25 14:03:23.288311
2025-11-25,24333,DAL,EDM,30005062,Oskar B채ck,assists,rf_qrf_assists,0.3.0,empirical_qrf,0.0,0.0,0.0,,6630058574292782112,2025-11-25 14:03:23.288311
2025-11-25,24333,DAL,EDM,30005640,Lian Bichsel,assists,rf_qrf_assists,0.3.0,empirical_qrf,0.0,0.0,0.0,,6630058574292782112,2025-11-25 14:03:23.288311
2025-11-25,24333,DAL,EDM,30003658,Jake Oettinger,assists,rf_qrf_assists,0.3.0,empirical_qrf,0.0008333333333333334,0.0,0.0,,6630058574292782112,2025-11-25 14:03:23.288311
2025-11-25,24333,DAL,EDM,30003689,Jason Robertson,assists,rf_qrf_assists,0.3.0,empirical_qrf,0.008797619047619047,0.0,0.0,,6630058574292782112,2025-11-25 14:03:23.288311
2025-11-25,24333,DAL,EDM,30003695,Kole Lind,assists,rf_qrf_assists,0.3.0,empirical_qrf,0.0,0.0,0.0,,6630058574292782112,2025-11-25 14:03:23.288311
2025-11-25,24333,DAL,EDM,30004061,Ilya Lyubushkin,assists,rf_qrf_assists,0.3.0,empirical_qrf,0.0,0.0,0.0,,6630058574292782112,2025-11-25 14:03:23.288311
2025-11-25,24333,DAL,EDM,30004103,Nils Lundkvist,assists,rf_qrf_assists,0.3.0,empirical_qrf,0.0,0.0,0.0,,6630058574292782112,2025-11-25 14:03:23.288311
2025-11-25,24333,DAL,EDM,30004482,Thomas Harley,assists,rf_qrf_assists,0.3.0,empirical_qrf,0.00125,0.0,0.0,,6630058574292782112,2025-11-25 14:03:23.288311
2025-11-25,24333,DAL,EDM,30003156,Sam Steel,assists,rf_qrf_assists,0.3.0,empirical_qrf,0.0,0.0,0.0,,6630058574292782112,2025-11-25 14:03:23.288311
2025-11-25,24333,DAL,EDM,30003165,Nate Bastian,assists,rf_qrf_assists,0.3.0,empirical_qrf,0.0,0.0,0.0,,6630058574292782112,2025-11-25 14:03:23.288311
2025-11-25,24333,DAL,EDM,30003357,Colin Blackwell,assists,rf_qrf_assists,0.3.0,empirical_qrf,0.0,0.0,0.0,,6630058574292782112,2025-11-25 14:03:23.288311
2025-11-25,24333,DAL,EDM,30003376,Casey DeSmith,assists,rf_qrf_assists,0.3.0,empirical_qrf,0.0,0.0,0.0,,6630058574292782112,2025-11-25 14:03:23.288311
2025-11-25,24333,DAL,EDM,30003585,Cameron Hughes,assists,rf_qrf_assists,0.3.0,empirical_qrf,0.003194444444444444,0.0,0.0,,6630058574292782112,2025-11-25 14:03:23.288311
2025-11-25,24333,DAL,EDM,30003640,Miro Heiskanen,assists,rf_qrf_assists,0.3.0,empirical_qrf,0.0,0.0,0.0,,6630058574292782112,2025-11-25 14:03:23.288311
2025-11-25,24333,DAL,EDM,30000762,Tyler Seguin,assists,rf_qrf_assists,0.3.0,empirical_qrf,0.00125,0.0,0.0,,6630058574292782112,2025-11-25 14:03:23.288311
2025-11-25,24333,DAL,EDM,30000906,Mikko Rantanen,assists,rf_qrf_assists,0.3.0,empirical_qrf,0.0019444444444444442,0.0,0.0,,6630058574292782112,2025-11-25 14:03:23.288311
2025-11-25,24333,DAL,EDM,30001146,Matt Duchene,assists,rf_qrf_assists,0.3.0,empirical_qrf,0.0,0.0,0.0,,6630058574292782112,2025-11-25 14:03:23.288311
2025-11-25,24333,DAL,EDM,30001302,Jamie Benn,assists,rf_qrf_assists,0.3.0,empirical_qrf,0.0,0.0,0.0,,6630058574292782112,2025-11-25 14:03:23.288311
2025-11-25,24333,DAL,EDM,30002811,Roope Hintz,assists,rf_qrf_assists,0.3.0,empirical_qrf,0.0,0.0,0.0,,6630058574292782112,2025-11-25 14:03:23.288311
2025-11-25,24333,DAL,EDM,30002842,Kyle Capobianco,assists,rf_qrf_assists,0.3.0,empirical_qrf,0.0,0.0,0.0,,6630058574292782112,2025-11-25 14:03:23.288311
2025-11-25,24333,DAL,EDM,30000166,Alexander Petrovic,shots_on_goal,rf_qrf_shots_on_goal,0.3.0,empirical_qrf,1.069019841269841,0.0,3.0,,6630058574292782112,2025-11-25 14:03:25.210637
2025-11-25,24333,DAL,EDM,30000702,Antoine Bibeau,shots_on_goal,rf_qrf_shots_on_goal,0.3.0,empirical_qrf,0.0,0.0,0.0,,6630058574292782112,2025-11-25 14:03:25.210637
2025-11-25,24333,DAL,EDM,30000735,Adam Erne,shots_on_goal,rf_qrf_shots_on_goal,0.3.0,empirical_qrf,0.773859126984127,0.0,2.75,,6630058574292782112,2025-11-25 14:03:25.210637
2025-11-25,24333,DAL,EDM,30000750,Radek Faksa,shots_on_goal,rf_qrf_shots_on_goal,0.3.0,empirical_qrf,0.8377896825396826,0.0,2.4,,6630058574292782112,2025-11-25 14:03:25.210637
2025-11-25,24333,DAL,EDM,30000755,Esa Lindell,shots_on_goal,rf_qrf_shots_on_goal,0.3.0,empirical_qrf,0.7677936507936508,0.0,2.5,,6630058574292782112,2025-11-25 14:03:25.210637
2025-11-25,24333,DAL,EDM,30000756,Curtis McKenzie,shots_on_goal,rf_qrf_shots_on_goal,0.3.0,empirical_qrf,0.0,0.0,0.0,,6630058574292782112,2025-11-25 14:03:25.210637
2025-11-25,24333,EDM,DAL,30006112,Beau Akey,shots_on_goal,rf_qrf_shots_on_goal,0.3.0,empirical_qrf,0.0,0.0,0.0,,6630058574292782112,2025-11-25 14:03:25.210637
2025-11-25,24333,EDM,DAL,30006225,Nathaniel Day,shots_on_goal,rf_qrf_shots_on_goal,0.3.0,empirical_qrf,0.0,0.0,0.0,,6630058574292782112,2025-11-25 14:03:25.210637
2025-11-25,24333,EDM,DAL,30006327,Matt Brown,shots_on_goal,rf_qrf_shots_on_goal,0.3.0,empirical_qrf,0.0,0.0,0.0,,6630058574292782112,2025-11-25 14:03:25.210637
2025-11-25,24333,EDM,DAL,30006393,Connor Clattenburg,shots_on_goal,rf_qrf_shots_on_goal,0.3.0,empirical_qrf,0.06672222222222222,0.0,0.0,,6630058574292782112,2025-11-25 14:03:25.210637
2025-11-25,24333,EDM,DAL,30006846,David Tomasek,shots_on_goal,rf_qrf_shots_on_goal,0.3.0,empirical_qrf,0.20874074074074073,0.0,0.625,,6630058574292782112,2025-11-25 14:03:25.210637
2025-11-25,24333,EDM,DAL,30005174,Matvey Petrov,shots_on_goal,rf_qrf_shots_on_goal,0.3.0,empirical_qrf,0.0,0.0,0.0,,6630058574292782112,2025-11-25 14:03:25.210637
2025-11-25,24333,EDM,DAL,30005177,James Hamblin,shots_on_goal,rf_qrf_shots_on_goal,0.3.0,empirical_qrf,0.0921468253968254,0.0,0.0,,6630058574292782112,2025-11-25 14:03:25.210637
2025-11-25,24333,EDM,DAL,30005185,Jayden Grubbe,shots_on_goal,rf_qrf_shots_on_goal,0.3.0,empirical_qrf,0.0630873015873016,0.0,0.0,,6630058574292782112,2025-11-25 14:03:25.210637
2025-11-25,24333,EDM,DAL,30005633,Matt Savoie,shots_on_goal,rf_qrf_shots_on_goal,0.3.0,empirical_qrf,0.6482724867724867,0.0,1.6666666666666667,,6630058574292782112,2025-11-25 14:03:25.210637
2025-11-25,24333,EDM,DAL,30005731,Mats Lindgren,shots_on_goal,rf_qrf_shots_on_goal,0.3.0,empirical_qrf,0.0,0.0,0.0,,6630058574292782112,2025-11-25 14:03:25.210637
2025-11-25,24333,EDM,DAL,30005931,Brady Stonehouse,shots_on_goal,rf_qrf_shots_on_goal,0.3.0,empirical_qrf,0.0,0.0,0.0,,6630058574292782112,2025-11-25 14:03:25.210637
2025-11-25,24333,EDM,DAL,30004081,Evan Bouchard,shots_on_goal,rf_qrf_shots_on_goal,0.3.0,empirical_qrf,1.217652777777778,0.0,3.3333333333333335,,6630058574292782112,2025-11-25 14:03:25.210637
2025-11-25,24333,EDM,DAL,30004156,Alec Regula,shots_on_goal,rf_qrf_shots_on_goal,0.3.0,empirical_qrf,0.08572619047619047,0.0,0.0,,6630058574292782112,2025-11-25 14:03:25.210637
2025-11-25,24333,EDM,DAL,30004165,Ty Emberson,shots_on_goal,rf_qrf_shots_on_goal,0.3.0,empirical_qrf,1.1960641534391534,0.0,3.5166666666666706,,6630058574292782112,2025-11-25 14:03:25.210637
2025-11-25,24333,EDM,DAL,30004476,Vasily Podkolzin,shots_on_goal,rf_qrf_shots_on_goal,0.3.0,empirical_qrf,0.8457189153439153,0.0,2.6666666666666665,,6630058574292782112,2025-11-25 14:03:25.210637
2025-11-25,24333,EDM,DAL,30004625,Mason Millman,shots_on_goal,rf_qrf_shots_on_goal,0.3.0,empirical_qrf,0.0921468253968254,0.0,0.0,,6630058574292782112,2025-11-25 14:03:25.210637
2025-11-25,24333,EDM,DAL,30004871,Luke Prokop,shots_on_goal,rf_qrf_shots_on_goal,0.3.0,empirical_qrf,0.0630873015873016,0.0,0.0,,6630058574292782112,2025-11-25 14:03:25.210637
2025-11-25,24333,EDM,DAL,30002787,Connor Ingram,shots_on_goal,rf_qrf_shots_on_goal,0.3.0,empirical_qrf,0.0,0.0,0.0,,6630058574292782112,2025-11-25 14:03:25.210637
2025-11-25,24333,EDM,DAL,30002824,Jack Roslovic,shots_on_goal,rf_qrf_shots_on_goal,0.3.0,empirical_qrf,1.7735694444444448,0.0,3.0,,6630058574292782112,2025-11-25 14:03:25.210637
2025-11-25,24333,EDM,DAL,30003157,Trent Frederic,shots_on_goal,rf_qrf_shots_on_goal,0.3.0,empirical_qrf,0.14503968253968252,0.0,0.5,,6630058574292782112,2025-11-25 14:03:25.210637
2025-11-25,24333,EDM,DAL,30003211,Rem Pitlick,shots_on_goal,rf_qrf_shots_on_goal,0.3.0,empirical_qrf,0.0,0.0,0.0,,6630058574292782112,2025-11-25 14:03:25.210637
2025-11-25,24333,EDM,DAL,30003729,Stuart Skinner,shots_on_goal,rf_qrf_shots_on_goal,0.3.0,empirical_qrf,0.0,0.0,0.0,,6630058574292782112,2025-11-25 14:03:25.210637
2025-11-25,24333,EDM,DAL,30003770,Matt Tomkins,shots_on_goal,rf_qrf_shots_on_goal,0.3.0,empirical_qrf,0.0,0.0,0.0,,6630058574292782112,2025-11-25 14:03:25.210637
2025-11-25,24333,EDM,DAL,30001076,Leon Draisaitl,shots_on_goal,rf_qrf_shots_on_goal,0.3.0,empirical_qrf,1.1153478835978836,0.0,3.0,,6630058574292782112,2025-11-25 14:03:25.210637
2025-11-25,24333,EDM,DAL,30001233,Connor McDavid,shots_on_goal,rf_qrf_shots_on_goal,0.3.0,empirical_qrf,1.1986706349206349,0.0,3.3333333333333335,,6630058574292782112,2025-11-25 14:03:25.210637
2025-11-25,24333,EDM,DAL,30001304,Calvin Pickard,shots_on_goal,rf_qrf_shots_on_goal,0.3.0,empirical_qrf,0.0,0.0,0.0,,6630058574292782112,2025-11-25 14:03:25.210637
2025-11-25,24333,EDM,DAL,30001368,Seth Griffith,shots_on_goal,rf_qrf_shots_on_goal,0.3.0,empirical_qrf,0.0,0.0,0.0,,6630058574292782112,2025-11-25 14:03:25.210637
2025-11-25,24333,EDM,DAL,30002218,Andrew Mangiapane,shots_on_goal,rf_qrf_shots_on_goal,0.3.0,empirical_qrf,1.1880992063492064,0.0,4.0,,6630058574292782112,2025-11-25 14:03:25.210637
2025-11-25,24333,EDM,DAL,30002623,Jake Walman,shots_on_goal,rf_qrf_shots_on_goal,0.3.0,empirical_qrf,1.3445,0.0,3.0,,6630058574292782112,2025-11-25 14:03:25.210637
2025-11-25,24333,EDM,DAL,30000540,Ryan Nugent-Hopkins,shots_on_goal,rf_qrf_shots_on_goal,0.3.0,empirical_qrf,0.1947956349206349,0.0,0.8714285714285747,,6630058574292782112,2025-11-25 14:03:25.210637
2025-11-25,24333,EDM,DAL,30000549,Darnell Nurse,shots_on_goal,rf_qrf_shots_on_goal,0.3.0,empirical_qrf,2.3176666666666663,0.0,4.5,,6630058574292782112,2025-11-25 14:03:25.210637
2025-11-25,24333,EDM,DAL,30000557,Brett Kulak,shots_on_goal,rf_qrf_shots_on_goal,0.3.0,empirical_qrf,0.21663690476190473,0.0,0.75,,6630058574292782112,2025-11-25 14:03:25.210637
2025-11-25,24333,EDM,DAL,30000752,Mattias Janmark,shots_on_goal,rf_qrf_shots_on_goal,0.3.0,empirical_qrf,0.04897222222222222,0.0,0.0,,6630058574292782112,2025-11-25 14:03:25.210637
2025-11-25,24333,EDM,DAL,30000965,Curtis Lazar,shots_on_goal,rf_qrf_shots_on_goal,0.3.0,empirical_qrf,0.0921468253968254,0.0,0.0,,6630058574292782112,2025-11-25 14:03:25.210637
2025-11-25,24333,EDM,DAL,30000987,Adam Henrique,shots_on_goal,rf_qrf_shots_on_goal,0.3.0,empirical_qrf,0.12875396825396823,0.0,0.5,,6630058574292782112,2025-11-25 14:03:25.210637
2025-11-25,24333,DAL,EDM,30006362,Connor Punnett,shots_on_goal,rf_qrf_shots_on_goal,0.3.0,empirical_qrf,0.0,0.0,0.0,,6630058574292782112,2025-11-25 14:03:25.210637
2025-11-25,24333,DAL,EDM,30006457,Justin Hryckowian,shots_on_goal,rf_qrf_shots_on_goal,0.3.0,empirical_qrf,0.1445595238095238,0.0,0.5100000000000022,,6630058574292782112,2025-11-25 14:03:25.210637
2025-11-25,24333,EDM,DAL,30000180,Josh Brown,shots_on_goal,rf_qrf_shots_on_goal,0.3.0,empirical_qrf,0.1623359788359788,0.0,0.6666666666666666,,6630058574292782112,2025-11-25 14:03:25.210637
2025-11-25,24333,EDM,DAL,30000250,Mattias Ekholm,shots_on_goal,rf_qrf_shots_on_goal,0.3.0,empirical_qrf,1.0308042328042328,0.0,2.805714285714287,,6630058574292782112,2025-11-25 14:03:25.210637
2025-11-25,24333,EDM,DAL,30000440,Zach Hyman,shots_on_goal,rf_qrf_shots_on_goal,0.3.0,empirical_qrf,0.0,0.0,0.0,,6630058574292782112,2025-11-25 14:03:25.210637
2025-11-25,24333,EDM,DAL,30000443,Kasperi Kapanen,shots_on_goal,rf_qrf_shots_on_goal,0.3.0,empirical_qrf,0.7876316137566137,0.0,2.5,,6630058574292782112,2025-11-25 14:03:25.210637
2025-11-25,24333,DAL,EDM,30004546,Vladislav Kolyachonok,shots_on_goal,rf_qrf_shots_on_goal,0.3.0,empirical_qrf,0.14503968253968252,0.0,0.5,,6630058574292782112,2025-11-25 14:03:25.210637
2025-11-25,24333,DAL,EDM,30004796,Mavrik Bourque,shots_on_goal,rf_qrf_shots_on_goal,0.3.0,empirical_qrf,0.18748412698412698,0.0,0.6666666666666666,,6630058574292782112,2025-11-25 14:03:25.210637
2025-11-25,24333,DAL,EDM,30004844,Cross Hanas,shots_on_goal,rf_qrf_shots_on_goal,0.3.0,empirical_qrf,0.0,0.0,0.0,,6630058574292782112,2025-11-25 14:03:25.210637
2025-11-25,24333,DAL,EDM,30005004,Wyatt Johnston,shots_on_goal,rf_qrf_shots_on_goal,0.3.0,empirical_qrf,0.5143095238095238,0.0,1.6666666666666667,,6630058574292782112,2025-11-25 14:03:25.210637
2025-11-25,24333,DAL,EDM,30005062,Oskar B채ck,shots_on_goal,rf_qrf_shots_on_goal,0.3.0,empirical_qrf,0.08572619047619047,0.0,0.0,,6630058574292782112,2025-11-25 14:03:25.210637
2025-11-25,24333,DAL,EDM,30005640,Lian Bichsel,shots_on_goal,rf_qrf_shots_on_goal,0.3.0,empirical_qrf,0.04253968253968254,0.0,0.0,,6630058574292782112,2025-11-25 14:03:25.210637
2025-11-25,24333,DAL,EDM,30003658,Jake Oettinger,shots_on_goal,rf_qrf_shots_on_goal,0.3.0,empirical_qrf,0.0,0.0,0.0,,6630058574292782112,2025-11-25 14:03:25.210637
2025-11-25,24333,DAL,EDM,30003689,Jason Robertson,shots_on_goal,rf_qrf_shots_on_goal,0.3.0,empirical_qrf,3.0143137973137972,0.0,5.333333333333333,,6630058574292782112,2025-11-25 14:03:25.210637
2025-11-25,24333,DAL,EDM,30003695,Kole Lind,shots_on_goal,rf_qrf_shots_on_goal,0.3.0,empirical_qrf,0.7677936507936508,0.0,2.5,,6630058574292782112,2025-11-25 14:03:25.210637
2025-11-25,24333,DAL,EDM,30004061,Ilya Lyubushkin,shots_on_goal,rf_qrf_shots_on_goal,0.3.0,empirical_qrf,0.07024603174603174,0.0,0.0,,6630058574292782112,2025-11-25 14:03:25.210637
2025-11-25,24333,DAL,EDM,30004103,Nils Lundkvist,shots_on_goal,rf_qrf_shots_on_goal,0.3.0,empirical_qrf,0.08572619047619047,0.0,0.0,,6630058574292782112,2025-11-25 14:03:25.210637
2025-11-25,24333,DAL,EDM,30004482,Thomas Harley,shots_on_goal,rf_qrf_shots_on_goal,0.3.0,empirical_qrf,0.9837526455026455,0.0,2.8,,6630058574292782112,2025-11-25 14:03:25.210637
2025-11-25,24333,DAL,EDM,30003156,Sam Steel,shots_on_goal,rf_qrf_shots_on_goal,0.3.0,empirical_qrf,0.03883333333333334,0.0,0.0,,6630058574292782112,2025-11-25 14:03:25.210637
2025-11-25,24333,DAL,EDM,30003165,Nate Bastian,shots_on_goal,rf_qrf_shots_on_goal,0.3.0,empirical_qrf,0.7548710317460318,0.0,2.6666666666666665,,6630058574292782112,2025-11-25 14:03:25.210637
2025-11-25,24333,DAL,EDM,30003357,Colin Blackwell,shots_on_goal,rf_qrf_shots_on_goal,0.3.0,empirical_qrf,0.07024603174603174,0.0,0.0,,6630058574292782112,2025-11-25 14:03:25.210637
2025-11-25,24333,DAL,EDM,30003376,Casey DeSmith,shots_on_goal,rf_qrf_shots_on_goal,0.3.0,empirical_qrf,0.0,0.0,0.0,,6630058574292782112,2025-11-25 14:03:25.210637
2025-11-25,24333,DAL,EDM,30003585,Cameron Hughes,shots_on_goal,rf_qrf_shots_on_goal,0.3.0,empirical_qrf,1.6894623015873016,0.4,2.5,,6630058574292782112,2025-11-25 14:03:25.210637
2025-11-25,24333,DAL,EDM,30003640,Miro Heiskanen,shots_on_goal,rf_qrf_shots_on_goal,0.3.0,empirical_qrf,0.8859880952380953,0.0,2.6666666666666665,,6630058574292782112,2025-11-25 14:03:25.210637
2025-11-25,24333,DAL,EDM,30000762,Tyler Seguin,shots_on_goal,rf_qrf_shots_on_goal,0.3.0,empirical_qrf,0.486031746031746,0.0,1.5100000000000022,,6630058574292782112,2025-11-25 14:03:25.210637
2025-11-25,24333,DAL,EDM,30000906,Mikko Rantanen,shots_on_goal,rf_qrf_shots_on_goal,0.3.0,empirical_qrf,2.2094047619047616,0.0,4.0,,6630058574292782112,2025-11-25 14:03:25.210637
2025-11-25,24333,DAL,EDM,30001146,Matt Duchene,shots_on_goal,rf_qrf_shots_on_goal,0.3.0,empirical_qrf,0.20874074074074073,0.0,0.625,,6630058574292782112,2025-11-25 14:03:25.210637
2025-11-25,24333,DAL,EDM,30001302,Jamie Benn,shots_on_goal,rf_qrf_shots_on_goal,0.3.0,empirical_qrf,0.0921468253968254,0.0,0.0,,6630058574292782112,2025-11-25 14:03:25.210637
2025-11-25,24333,DAL,EDM,30002811,Roope Hintz,shots_on_goal,rf_qrf_shots_on_goal,0.3.0,empirical_qrf,1.1960641534391534,0.0,3.5166666666666706,,6630058574292782112,2025-11-25 14:03:25.210637
2025-11-25,24333,DAL,EDM,30002842,Kyle Capobianco,shots_on_goal,rf_qrf_shots_on_goal,0.3.0,empirical_qrf,0.008777777777777778,0.0,0.0,,6630058574292782112,2025-11-25 14:03:25.210637
2025-11-25,24333,DAL,EDM,,,total_goals,ets_sum_team_goals,0.3.0,ets_sum,17.740463346014185,0.0,0.0,,6630058574292782112,2025-11-25 14:03:26.015283
