game_id,team,opponent,player_id,name,date,minutes,points,goals,assists,home_or_away,shots_on_goal,power_play_assists,power_play_goals,goal_tending_goals_against
23995,LA,WPG,30002582,Adrian Kempe,2025-10-11,21,2.0,1.0,1.0,0,6.0,0.0,0.0,0.0
23995,LA,WPG,30000145,Drew Doughty,2025-10-11,22,1.0,0.0,1.0,0,2.0,0.0,0.0,0.0
23995,LA,WPG,30004436,Mikey Anderson,2025-10-11,18,1.0,1.0,0.0,0,2.0,0.0,0.0,0.0
23995,LA,WPG,30000149,Anze Kopitar,2025-10-11,20,1.0,0.0,1.0,0,3.0,0.0,0.0,0.0
23995,LA,WPG,30005610,Andrei Kuzmenko,2025-10-11,20,1.0,0.0,1.0,0,3.0,0.0,0.0,0.0
23995,LA,WPG,30000199,Kevin Fiala,2025-10-11,18,0.0,0.0,0.0,0,5.0,0.0,0.0,0.0
23995,LA,WPG,30000495,Darcy Kuemper,2025-10-11,0,0.0,0.0,0.0,0,0.0,0.0,0.0,3.0
23995,LA,WPG,30004856,Alex Laferriere,2025-10-11,13,0.0,0.0,0.0,0,3.0,0.0,0.0,0.0
23995,LA,WPG,30000818,Joel Armia,2025-10-11,13,0.0,0.0,0.0,0,2.0,0.0,0.0,0.0
23995,LA,WPG,30003236,Trevor Moore,2025-10-11,14,0.0,0.0,0.0,0,2.0,0.0,0.0,0.0
23995,LA,WPG,30000675,Joel Edmundson,2025-10-11,16,0.0,0.0,0.0,0,1.0,0.0,0.0,0.0
23995,LA,WPG,30004994,Brandt Clarke,2025-10-11,18,0.0,0.0,0.0,0,1.0,0.0,0.0,0.0
23995,LA,WPG,30004473,Alex Turcotte,2025-10-11,6,0.0,0.0,0.0,0,0.0,0.0,0.0,0.0
23995,LA,WPG,30001424,Phillip Danault,2025-10-11,18,0.0,0.0,0.0,0,0.0,0.0,0.0,0.0
23995,LA,WPG,30002611,Warren Foegele,2025-10-11,13,0.0,0.0,0.0,0,1.0,0.0,0.0,0.0
23995,LA,WPG,30004969,Jeff Malott,2025-10-11,6,0.0,0.0,0.0,0,0.0,0.0,0.0,0.0
23995,LA,WPG,30000476,Cody Ceci,2025-10-11,15,0.0,0.0,0.0,0,0.0,0.0,0.0,0.0
23995,LA,WPG,30000668,Anton Forsberg,2025-10-11,0,0.0,0.0,0.0,0,0.0,0.0,0.0,0.0
23995,LA,WPG,30005039,Samuel Helenius,2025-10-11,0,0.0,0.0,0.0,0,0.0,0.0,0.0,0.0
23995,LA,WPG,30003232,Jacob Moverare,2025-10-11,0,0.0,0.0,0.0,0,0.0,0.0,0.0,0.0
23995,LA,WPG,30000653,Brian Dumoulin,2025-10-11,15,0.0,0.0,0.0,0,0.0,0.0,0.0,0.0
23995,LA,WPG,30004798,Quinton Byfield,2025-10-11,19,0.0,0.0,0.0,0,1.0,0.0,0.0,0.0
23995,WPG,LA,30000830,Mark Scheifele,2025-10-11,19,2.0,2.0,0.0,1,3.0,0.0,0.0,0.0
23995,WPG,LA,30003664,Gabriel Vilardi,2025-10-11,19,2.0,0.0,2.0,1,5.0,1.0,0.0,0.0
23995,WPG,LA,30000801,Connor Hellebuyck,2025-10-11,0,0.0,0.0,0.0,1,0.0,0.0,0.0,2.0
23995,WPG,LA,30002772,Kyle Connor,2025-10-11,19,1.0,0.0,1.0,1,4.0,1.0,0.0,0.0
23995,WPG,LA,30000826,Josh Morrissey,2025-10-11,25,1.0,0.0,1.0,1,2.0,0.0,0.0,0.0
23995,WPG,LA,30003588,Alex Iafallo,2025-10-11,16,1.0,1.0,0.0,1,2.0,0.0,1.0,0.0
23995,WPG,LA,30004389,Morgan Barron,2025-10-11,11,1.0,0.0,1.0,1,1.0,0.0,0.0,0.0
23995,WPG,LA,30003603,Neal Pionk,2025-10-11,21,0.0,0.0,0.0,1,2.0,0.0,0.0,0.0
23995,WPG,LA,30003148,Logan Stanley,2025-10-11,17,0.0,0.0,0.0,1,1.0,0.0,0.0,0.0
23995,WPG,LA,30001224,Dylan DeMelo,2025-10-11,23,0.0,0.0,0.0,1,3.0,0.0,0.0,0.0
23995,WPG,LA,30000371,Haydn Fleury,2025-10-11,11,0.0,0.0,0.0,1,0.0,0.0,0.0,0.0
23995,WPG,LA,30001050,Vladislav Namestnikov,2025-10-11,16,0.0,0.0,0.0,1,0.0,0.0,0.0,0.0
23995,WPG,LA,30000522,Nino Niederreiter,2025-10-11,14,0.0,0.0,0.0,1,1.0,0.0,0.0,0.0
23995,WPG,LA,30000153,Tanner Pearson,2025-10-11,12,0.0,0.0,0.0,1,1.0,0.0,0.0,0.0
23995,WPG,LA,30000060,Luke Schenn,2025-10-11,14,0.0,0.0,0.0,1,0.0,0.0,0.0,0.0
23995,WPG,LA,30001036,Gustav Nyquist,2025-10-11,12,0.0,0.0,0.0,1,1.0,0.0,0.0,0.0
23995,WPG,LA,30000872,Jonathan Toews,2025-10-11,15,0.0,0.0,0.0,1,1.0,0.0,0.0,0.0
23995,WPG,LA,30004945,Cole Koepke,2025-10-11,10,0.0,0.0,0.0,1,0.0,0.0,0.0,0.0
23995,WPG,LA,30001061,Eric Comrie,2025-10-11,0,0.0,0.0,0.0,1,0.0,0.0,0.0,0.0
23995,WPG,LA,30006030,Parker Ford,2025-10-11,0,0.0,0.0,0.0,1,0.0,0.0,0.0,0.0
23995,WPG,LA,30005647,Brad Lambert,2025-10-11,0,0.0,0.0,0.0,1,0.0,0.0,0.0,0.0
23995,WPG,LA,30000212,Colin Miller,2025-10-11,0,0.0,0.0,0.0,1,0.0,0.0,0.0,0.0
23995,WPG,LA,30005036,Nikita Chibrikov,2025-10-11,9,0.0,0.0,0.0,1,0.0,0.0,0.0,0.0
23996,CGY,STL,30004993,Matt Coronato,2025-10-11,18,2.0,2.0,0.0,1,4.0,0.0,1.0,0.0
23996,CGY,STL,30000032,Nazem Kadri,2025-10-11,21,1.0,0.0,1.0,1,3.0,1.0,0.0,0.0
23996,CGY,STL,30004089,Joel Farabee,2025-10-11,21,1.0,0.0,1.0,1,2.0,1.0,0.0,0.0
23996,CGY,STL,30004162,Kevin Bahl,2025-10-11,20,1.0,0.0,1.0,1,0.0,0.0,0.0,0.0
23996,CGY,STL,30001133,Rasmus Andersson,2025-10-11,23,0.0,0.0,0.0,1,2.0,0.0,0.0,0.0
23996,CGY,STL,30006510,Matvei Gridin,2025-10-11,13,0.0,0.0,0.0,1,1.0,0.0,0.0,0.0
23996,CGY,STL,30006494,Zayne Parekh,2025-10-11,17,0.0,0.0,0.0,1,2.0,0.0,0.0,0.0
23996,CGY,STL,30004190,Yegor Sharangovich,2025-10-11,16,0.0,0.0,0.0,1,3.0,0.0,0.0,0.0
23996,CGY,STL,30004823,Connor Zary,2025-10-11,10,0.0,0.0,0.0,1,2.0,0.0,0.0,0.0
23996,CGY,STL,30004665,Dustin Wolf,2025-10-11,0,0.0,0.0,0.0,1,0.0,0.0,0.0,4.0
23996,CGY,STL,30005595,Adam Klapka,2025-10-11,12,0.0,0.0,0.0,1,0.0,0.0,0.0,0.0
23996,CGY,STL,30002217,Ryan Lomberg,2025-10-11,6,0.0,0.0,0.0,1,0.0,0.0,0.0,0.0
23996,CGY,STL,30004310,Brayden Pachal,2025-10-11,10,0.0,0.0,0.0,1,1.0,0.0,0.0,0.0
23996,CGY,STL,30006084,Samuel Honzek,2025-10-11,13,0.0,0.0,0.0,1,4.0,0.0,0.0,0.0
23996,CGY,STL,30001248,Joel Hanley,2025-10-11,17,0.0,0.0,0.0,1,0.0,0.0,0.0,0.0
23996,CGY,STL,30004791,Devin Cooley,2025-10-11,0,0.0,0.0,0.0,1,0.0,0.0,0.0,0.0
23996,CGY,STL,30003145,Jake Bean,2025-10-11,0,0.0,0.0,0.0,1,0.0,0.0,0.0,0.0
23996,CGY,STL,30002595,Justin Kirkland,2025-10-11,0,0.0,0.0,0.0,1,0.0,0.0,0.0,0.0
23996,CGY,STL,30004925,Daniil Miromanov,2025-10-11,0,0.0,0.0,0.0,1,0.0,0.0,0.0,0.0
23996,CGY,STL,30003656,Morgan Frost,2025-10-11,18,0.0,0.0,0.0,1,0.0,0.0,0.0,0.0
23996,CGY,STL,30000311,Blake Coleman,2025-10-11,15,0.0,0.0,0.0,1,3.0,0.0,0.0,0.0
23996,CGY,STL,30000237,MacKenzie Weegar,2025-10-11,25,0.0,0.0,0.0,1,2.0,0.0,0.0,0.0
23996,CGY,STL,30000103,Mikael Backlund,2025-10-11,14,0.0,0.0,0.0,1,0.0,0.0,0.0,0.0
23996,STL,CGY,30004812,Jake Neighbours,2025-10-11,14,2.0,2.0,0.0,0,3.0,0.0,0.0,0.0
23996,STL,CGY,30003659,Robert Thomas,2025-10-11,21,2.0,1.0,1.0,0,1.0,0.0,1.0,0.0
23996,STL,CGY,30003899,Pius Suter,2025-10-11,18,1.0,1.0,0.0,0,5.0,0.0,0.0,0.0
23996,STL,CGY,30004206,Joel Hofer,2025-10-11,0,0.0,0.0,0.0,0,0.0,0.0,0.0,2.0
23996,STL,CGY,30000792,Colton Parayko,2025-10-11,23,1.0,0.0,1.0,0,1.0,0.0,0.0,0.0
23996,STL,CGY,30001207,Cam Fowler,2025-10-11,24,1.0,0.0,1.0,0,2.0,0.0,0.0,0.0
23996,STL,CGY,30000631,Justin Faulk,2025-10-11,25,1.0,0.0,1.0,0,1.0,1.0,0.0,0.0
23996,STL,CGY,30002617,Nathan Walker,2025-10-11,12,1.0,0.0,1.0,0,2.0,0.0,0.0,0.0
23996,STL,CGY,30002530,Pavel Buchnevich,2025-10-11,20,1.0,0.0,1.0,0,2.0,0.0,0.0,0.0
23996,STL,CGY,30005641,Jimmy Snuggerud,2025-10-11,10,1.0,0.0,1.0,0,2.0,1.0,0.0,0.0
23996,STL,CGY,30003032,Mathieu Joseph,2025-10-11,9,0.0,0.0,0.0,0,1.0,0.0,0.0,0.0
23996,STL,CGY,30004211,Tyler Tucker,2025-10-11,8,1.0,0.0,1.0,0,0.0,0.0,0.0,0.0
23996,STL,CGY,30004495,Philip Broberg,2025-10-11,23,0.0,0.0,0.0,0,1.0,0.0,0.0,0.0
23996,STL,CGY,30004804,Dylan Holloway,2025-10-11,20,0.0,0.0,0.0,0,4.0,0.0,0.0,0.0
23996,STL,CGY,30003186,Jordan Kyrou,2025-10-11,16,0.0,0.0,0.0,0,2.0,0.0,0.0,0.0
23996,STL,CGY,30003687,Alexandre Texier,2025-10-11,6,0.0,0.0,0.0,0,0.0,0.0,0.0,0.0
23996,STL,CGY,30000225,Nick Bjugstad,2025-10-11,5,0.0,0.0,0.0,0,0.0,0.0,0.0,0.0
23996,STL,CGY,30000666,Jordan Binnington,2025-10-11,0,0.0,0.0,0.0,0,0.0,0.0,0.0,0.0
23996,STL,CGY,30004941,Matthew Kessel,2025-10-11,0,0.0,0.0,0.0,0,0.0,0.0,0.0,0.0
23996,STL,CGY,30000405,Oskar Sundqvist,2025-10-11,0,0.0,0.0,0.0,0,0.0,0.0,0.0,0.0
23996,STL,CGY,30003766,Alexey Toropchenko,2025-10-11,0,0.0,0.0,0.0,0,0.0,0.0,0.0,0.0
23996,STL,CGY,30004999,Logan Mailloux,2025-10-11,8,0.0,0.0,0.0,0,1.0,0.0,0.0,0.0
23996,STL,CGY,30000059,Brayden Schenn,2025-10-11,17,0.0,0.0,0.0,0,0.0,0.0,0.0,0.0
24004,BOS,BUF,30003912,Mark Kastelic,2025-10-11,12,2.0,1.0,1.0,1,1.0,0.0,0.0,0.0
24004,BOS,BUF,30002853,Sean Kuraly,2025-10-11,13,1.0,1.0,0.0,1,3.0,0.0,0.0,0.0
24004,BOS,BUF,30003991,Jeremy Swayman,2025-10-11,0,0.0,0.0,0.0,1,0.0,0.0,0.0,1.0
24004,BOS,BUF,30000636,Elias Lindholm,2025-10-11,18,1.0,0.0,1.0,1,2.0,0.0,0.0,0.0
24004,BOS,BUF,30000995,Pavel Zacha,2025-10-11,17,1.0,1.0,0.0,1,1.0,0.0,0.0,0.0
24004,BOS,BUF,30000607,David Pastrnak,2025-10-11,19,0.0,0.0,0.0,1,7.0,0.0,0.0,0.0
24004,BOS,BUF,30003185,Andrew Peeke,2025-10-11,20,1.0,0.0,1.0,1,2.0,0.0,0.0,0.0
24004,BOS,BUF,30004166,Jordan Harris,2025-10-11,16,1.0,0.0,1.0,1,0.0,0.0,0.0,0.0
24004,BOS,BUF,30003147,Charlie McAvoy,2025-10-11,24,1.0,0.0,1.0,1,1.0,0.0,0.0,0.0
24004,BOS,BUF,30000909,Nikita Zadorov,2025-10-11,21,0.0,0.0,0.0,1,0.0,0.0,0.0,0.0
24004,BOS,BUF,30003643,Casey Mittelstadt,2025-10-11,14,0.0,0.0,0.0,1,2.0,0.0,0.0,0.0
24004,BOS,BUF,30000245,Viktor Arvidsson,2025-10-11,13,0.0,0.0,0.0,1,2.0,0.0,0.0,0.0
24004,BOS,BUF,30003657,Henri Jokiharju,2025-10-11,13,0.0,0.0,0.0,1,2.0,0.0,0.0,0.0
24004,BOS,BUF,30004858,Mason Lohrei,2025-10-11,18,0.0,0.0,0.0,1,2.0,0.0,0.0,0.0
24004,BOS,BUF,30005658,Fraser Minten,2025-10-11,12,0.0,0.0,0.0,1,3.0,0.0,0.0,0.0
24004,BOS,BUF,30003704,Morgan Geekie,2025-10-11,18,0.0,0.0,0.0,1,1.0,0.0,0.0,0.0
24004,BOS,BUF,30003442,Tanner Jeannot,2025-10-11,14,0.0,0.0,0.0,1,1.0,0.0,0.0,0.0
24004,BOS,BUF,30004851,Marat Khusnutdinov,2025-10-11,10,0.0,0.0,0.0,1,1.0,0.0,0.0,0.0
24004,BOS,BUF,30003890,Mikey Eyssimont,2025-10-11,11,0.0,0.0,0.0,1,0.0,0.0,0.0,0.0
24004,BOS,BUF,30000393,Joonas Korpisalo,2025-10-11,0,0.0,0.0,0.0,1,0.0,0.0,0.0,0.0
24004,BOS,BUF,30004493,John Beecher,2025-10-11,0,0.0,0.0,0.0,1,0.0,0.0,0.0,0.0
24004,BOS,BUF,30001264,Hampus Lindholm,2025-10-11,0,0.0,0.0,0.0,1,0.0,0.0,0.0,0.0
24004,BOS,BUF,30003401,Jeffrey Viel,2025-10-11,0,0.0,0.0,0.0,1,0.0,0.0,0.0,0.0
24004,BUF,BOS,30000523,Jason Zucker,2025-10-11,19,1.0,1.0,0.0,0,3.0,0.0,0.0,0.0
24004,BUF,BOS,30003074,Alex Lyon,2025-10-11,0,0.0,0.0,0.0,0,0.0,0.0,0.0,2.0
24004,BUF,BOS,30004105,Mattias Samuelsson,2025-10-11,16,1.0,0.0,1.0,0,0.0,0.0,0.0,0.0
24004,BUF,BOS,30003158,Tage Thompson,2025-10-11,21,0.0,0.0,0.0,0,8.0,0.0,0.0,0.0
24004,BUF,BOS,30004502,Peyton Krebs,2025-10-11,14,0.0,0.0,0.0,0,3.0,0.0,0.0,0.0
24004,BUF,BOS,30005017,Josh Doan,2025-10-11,16,0.0,0.0,0.0,0,3.0,0.0,0.0,0.0
24004,BUF,BOS,30004956,Justin Danforth,2025-10-11,13,0.0,0.0,0.0,0,0.0,0.0,0.0,0.0
24004,BUF,BOS,30005147,Tyson Kozak,2025-10-11,7,0.0,0.0,0.0,0,0.0,0.0,0.0,0.0
24004,BUF,BOS,30004117,Ryan McLeod,2025-10-11,19,0.0,0.0,0.0,0,0.0,0.0,0.0,0.0
24004,BUF,BOS,30003670,Conor Timmins,2025-10-11,15,0.0,0.0,0.0,0,0.0,0.0,0.0,0.0
24004,BUF,BOS,30004980,Owen Power,2025-10-11,22,0.0,0.0,0.0,0,2.0,0.0,0.0,0.0
24004,BUF,BOS,30004431,Jacob Bryson,2025-10-11,9,0.0,0.0,0.0,0,0.0,0.0,0.0,0.0
24004,BUF,BOS,30003221,Beck Malenstyn,2025-10-11,7,0.0,0.0,0.0,0,0.0,0.0,0.0,0.0
24004,BUF,BOS,30002762,Mason Geertsen,2025-10-11,4,0.0,0.0,0.0,0,0.0,0.0,0.0,0.0
24004,BUF,BOS,30002577,Alex Tuch,2025-10-11,20,0.0,0.0,0.0,0,1.0,0.0,0.0,0.0
24004,BUF,BOS,30004577,Colten Ellis,2025-10-11,0,0.0,0.0,0.0,0,0.0,0.0,0.0,0.0
24004,BUF,BOS,30006070,Zach Benson,2025-10-11,0,0.0,0.0,0.0,0,0.0,0.0,0.0,0.0
24004,BUF,BOS,30004923,Josh Dunne,2025-10-11,0,0.0,0.0,0.0,0,0.0,0.0,0.0,0.0
24004,BUF,BOS,30005441,Ryan Johnson,2025-10-11,0,0.0,0.0,0.0,0,0.0,0.0,0.0,0.0
24004,BUF,BOS,30005644,Jiri Kulich,2025-10-11,18,0.0,0.0,0.0,0,1.0,0.0,0.0,0.0
24004,BUF,BOS,30004815,Jack Quinn,2025-10-11,14,0.0,0.0,0.0,0,1.0,0.0,0.0,0.0
24004,BUF,BOS,30004474,Bowen Byram,2025-10-11,24,0.0,0.0,0.0,0,0.0,0.0,0.0,0.0
24004,BUF,BOS,30003750,Rasmus Dahlin,2025-10-11,27,0.0,0.0,0.0,0,0.0,0.0,0.0,0.0
24001,CAR,PHI,30005405,Jackson Blake,2025-10-11,19,1.0,0.0,1.0,1,6.0,0.0,0.0,0.0
24001,CAR,PHI,30004806,Seth Jarvis,2025-10-11,20,1.0,1.0,0.0,1,5.0,0.0,0.0,0.0
24001,CAR,PHI,30000358,Jordan Staal,2025-10-11,14,1.0,1.0,0.0,1,3.0,0.0,0.0,0.0
24001,CAR,PHI,30005034,Logan Stankoven,2025-10-11,18,1.0,1.0,0.0,1,2.0,0.0,0.0,0.0
24001,CAR,PHI,30000271,Shayne Gostisbehere,2025-10-11,20,1.0,0.0,1.0,1,1.0,0.0,0.0,0.0
24001,CAR,PHI,30000948,Jordan Martinook,2025-10-11,13,1.0,0.0,1.0,1,2.0,0.0,0.0,0.0
24001,CAR,PHI,30001187,Taylor Hall,2025-10-11,13,1.0,1.0,0.0,1,2.0,0.0,0.0,0.0
24001,CAR,PHI,30001203,Frederik Andersen,2025-10-11,0,0.0,0.0,0.0,1,0.0,0.0,0.0,3.0
24001,CAR,PHI,30004865,Alexander Nikishin,2025-10-11,16,1.0,0.0,1.0,1,2.0,0.0,0.0,0.0
24001,CAR,PHI,30002980,Eric Robinson,2025-10-11,7,1.0,0.0,1.0,1,2.0,0.0,0.0,0.0
24001,CAR,PHI,30004082,K'Andre Miller,2025-10-11,25,0.0,0.0,0.0,1,1.0,0.0,0.0,0.0
24001,CAR,PHI,30002819,Sebastian Aho,2025-10-11,20,1.0,0.0,1.0,1,1.0,0.0,0.0,0.0
24001,CAR,PHI,30000822,Nikolaj Ehlers,2025-10-11,19,0.0,0.0,0.0,1,6.0,0.0,0.0,0.0
24001,CAR,PHI,30003359,Jalen Chatfield,2025-10-11,19,0.0,0.0,0.0,1,0.0,0.0,0.0,0.0
24001,CAR,PHI,30000510,William Carrier,2025-10-11,11,0.0,0.0,0.0,1,1.0,0.0,0.0,0.0
24001,CAR,PHI,30004076,Andrei Svechnikov,2025-10-11,16,0.0,0.0,0.0,1,1.0,0.0,0.0,0.0
24001,CAR,PHI,30000643,Jaccob Slavin,2025-10-11,16,0.0,0.0,0.0,1,2.0,0.0,0.0,0.0
24001,CAR,PHI,30004075,Jesperi Kotkaniemi,2025-10-11,10,0.0,0.0,0.0,1,1.0,0.0,0.0,0.0
24001,CAR,PHI,30003786,Sean Walker,2025-10-11,23,0.0,0.0,0.0,1,1.0,0.0,0.0,0.0
24001,CAR,PHI,30005573,Brandon Bussi,2025-10-11,0,0.0,0.0,0.0,1,0.0,0.0,0.0,0.0
24001,CAR,PHI,30002309,Mark Jankowski,2025-10-11,0,0.0,0.0,0.0,1,0.0,0.0,0.0,0.0
24001,CAR,PHI,30004953,Pyotr Kochetkov,2025-10-11,0,0.0,0.0,0.0,1,0.0,0.0,0.0,0.0
24001,CAR,PHI,30000525,Mike Reilly,2025-10-11,0,0.0,0.0,0.0,1,0.0,0.0,0.0,0.0
24003,CHI,MON,30005638,Frank Nazar,2025-10-11,18,2.0,0.0,2.0,1,2.0,1.0,0.0,0.0
24003,CHI,MON,30000871,Teuvo Teravainen,2025-10-11,20,2.0,0.0,2.0,1,1.0,1.0,0.0,0.0
24003,CHI,MON,30005639,Sam Rinzel,2025-10-11,25,1.0,1.0,0.0,1,2.0,0.0,0.0,0.0
24003,CHI,MON,30002588,Ryan Donato,2025-10-11,13,0.0,0.0,0.0,1,6.0,0.0,0.0,0.0
24003,CHI,MON,30006064,Connor Bedard,2025-10-11,18,1.0,1.0,0.0,1,1.0,0.0,1.0,0.0
24003,CHI,MON,30000842,Tyler Bertuzzi,2025-10-11,14,0.0,0.0,0.0,1,2.0,0.0,0.0,0.0
24003,CHI,MON,30004850,Wyatt Kaiser,2025-10-11,18,0.0,0.0,0.0,1,1.0,0.0,0.0,0.0
24003,CHI,MON,30004494,Spencer Knight,2025-10-11,0,0.0,0.0,0.0,1,0.0,0.0,0.0,3.0
24003,CHI,MON,30001219,Connor Murphy,2025-10-11,20,0.0,0.0,0.0,1,1.0,0.0,0.0,0.0
24003,CHI,MON,30000691,Nick Foligno,2025-10-11,15,0.0,0.0,0.0,1,1.0,0.0,0.0,0.0
24003,CHI,MON,30004442,Ilya Mikheyev,2025-10-11,13,0.0,0.0,0.0,1,2.0,0.0,0.0,0.0
24003,CHI,MON,30004650,Louis Crevier,2025-10-11,9,0.0,0.0,0.0,1,1.0,0.0,0.0,0.0
24003,CHI,MON,30002539,Matt Grzelcyk,2025-10-11,14,0.0,0.0,0.0,1,0.0,0.0,0.0,0.0
24003,CHI,MON,30000585,Andre Burakovsky,2025-10-11,16,0.0,0.0,0.0,1,2.0,0.0,0.0,0.0
24003,CHI,MON,30003996,Sam Lafferty,2025-10-11,4,0.0,0.0,0.0,1,0.0,0.0,0.0,0.0
24003,CHI,MON,30004507,Alex Vlasic,2025-10-11,24,0.0,0.0,0.0,1,0.0,0.0,0.0,0.0
24003,CHI,MON,30004817,Lukas Reichel,2025-10-11,6,0.0,0.0,0.0,1,0.0,0.0,0.0,0.0
24003,CHI,MON,30005032,Colton Dach,2025-10-11,16,0.0,0.0,0.0,1,0.0,0.0,0.0,0.0
24003,CHI,MON,30005666,Ryan Greene,2025-10-11,9,0.0,0.0,0.0,1,0.0,0.0,0.0,0.0
24003,CHI,MON,30004965,Arvid Soderblom,2025-10-11,0,0.0,0.0,0.0,1,0.0,0.0,0.0,0.0
24003,CHI,MON,30000748,Jason Dickinson,2025-10-11,0,0.0,0.0,0.0,1,0.0,0.0,0.0,0.0
24003,CHI,MON,30006496,Artyom Levshunov,2025-10-11,0,0.0,0.0,0.0,1,0.0,0.0,0.0,0.0
24002,DET,TOR,30004816,Lucas Raymond,2025-10-11,20,2.0,2.0,0.0,1,2.0,0.0,1.0,0.0
24002,DET,TOR,30000866,Patrick Kane,2025-10-11,16,3.0,1.0,2.0,1,4.0,1.0,0.0,0.0
24002,DET,TOR,30003160,Alex DeBrincat,2025-10-11,17,3.0,0.0,3.0,1,3.0,1.0,0.0,0.0
24002,DET,TOR,30004548,Albert Johansson,2025-10-11,13,1.0,0.0,1.0,1,2.0,0.0,0.0,0.0
24002,DET,TOR,30000846,Dylan Larkin,2025-10-11,21,1.0,0.0,1.0,1,4.0,0.0,0.0,0.0
24002,DET,TOR,30000563,Cam Talbot,2025-10-11,0,1.0,0.0,1.0,1,0.0,0.0,0.0,3.0
24002,DET,TOR,30005630,Marco Kasper,2025-10-11,13,1.0,1.0,0.0,1,4.0,0.0,0.0,0.0
24002,DET,TOR,30004984,Simon Edvinsson,2025-10-11,20,1.0,1.0,0.0,1,2.0,0.0,0.0,0.0
24002,DET,TOR,30006201,Emmitt Finnie,2025-10-11,13,1.0,0.0,1.0,1,2.0,0.0,0.0,0.0
24002,DET,TOR,30000821,Andrew Copp,2025-10-11,14,1.0,1.0,0.0,1,2.0,0.0,0.0,0.0
24002,DET,TOR,30004102,Jacob Bernard-Docker,2025-10-11,10,0.0,0.0,0.0,1,2.0,0.0,0.0,0.0
24002,DET,TOR,30002513,J.T. Compher,2025-10-11,16,0.0,0.0,0.0,1,1.0,0.0,0.0,0.0
24002,DET,TOR,30006071,Axel Sandin-Pellikka,2025-10-11,18,0.0,0.0,0.0,1,3.0,0.0,0.0,0.0
24002,DET,TOR,30006489,Michael Brandsegg-Nygard,2025-10-11,11,0.0,0.0,0.0,1,2.0,0.0,0.0,0.0
24002,DET,TOR,30003744,Mason Appleton,2025-10-11,13,0.0,0.0,0.0,1,1.0,0.0,0.0,0.0
24002,DET,TOR,30004475,Moritz Seider,2025-10-11,28,0.0,0.0,0.0,1,1.0,0.0,0.0,0.0
24002,DET,TOR,30000874,John Gibson,2025-10-11,0,0.0,0.0,0.0,1,0.0,0.0,0.0,0.0
24002,DET,TOR,30000997,Travis Hamonic,2025-10-11,0,0.0,0.0,0.0,1,0.0,0.0,0.0,0.0
24002,DET,TOR,30005489,Elmer Soderblom,2025-10-11,0,0.0,0.0,0.0,1,0.0,0.0,0.0,0.0
24002,DET,TOR,30000043,James van Riemsdyk,2025-10-11,0,0.0,0.0,0.0,1,0.0,0.0,0.0,0.0
24002,DET,TOR,30003644,Michael Rasmussen,2025-10-11,10,0.0,0.0,0.0,1,0.0,0.0,0.0,0.0
24002,DET,TOR,30004111,Jonatan Berggren,2025-10-11,8,0.0,0.0,0.0,1,0.0,0.0,0.0,0.0
24002,DET,TOR,30001063,Ben Chiarot,2025-10-11,23,0.0,0.0,0.0,1,0.0,0.0,0.0,0.0
23997,FLA,OTT,30004809,Anton Lundell,2025-10-11,16,2.0,1.0,1.0,1,2.0,1.0,1.0,0.0
23997,FLA,OTT,30000239,Aaron Ekblad,2025-10-11,22,2.0,1.0,1.0,1,2.0,0.0,1.0,0.0
23997,FLA,OTT,30000074,Brad Marchand,2025-10-11,16,2.0,1.0,1.0,1,2.0,1.0,0.0,0.0
23997,FLA,OTT,30000981,Evan Rodrigues,2025-10-11,16,1.0,1.0,0.0,1,3.0,0.0,0.0,0.0
23997,FLA,OTT,30000667,Sergei Bobrovsky,2025-10-11,0,0.0,0.0,0.0,1,0.0,0.0,0.0,2.0
23997,FLA,OTT,30002758,Gustav Forsling,2025-10-11,19,2.0,0.0,2.0,1,0.0,0.0,0.0,0.0
23997,FLA,OTT,30000980,Sam Reinhart,2025-10-11,19,1.0,1.0,0.0,1,3.0,0.0,0.0,0.0
23997,FLA,OTT,30005000,Mackie Samoskevich,2025-10-11,12,1.0,1.0,0.0,1,2.0,0.0,1.0,0.0
23997,FLA,OTT,30000723,Jeff Petry,2025-10-11,18,1.0,0.0,1.0,1,1.0,1.0,0.0,0.0
23997,FLA,OTT,30000253,Seth Jones,2025-10-11,20,2.0,0.0,2.0,1,2.0,1.0,0.0,0.0
23997,FLA,OTT,30001159,Carter Verhaeghe,2025-10-11,14,1.0,0.0,1.0,1,2.0,1.0,0.0,0.0
23997,FLA,OTT,30003150,Luke Kunin,2025-10-11,15,0.0,0.0,0.0,1,2.0,0.0,0.0,0.0
23997,FLA,OTT,30003681,Eetu Luostarinen,2025-10-11,15,0.0,0.0,0.0,1,1.0,0.0,0.0,0.0
23997,FLA,OTT,30003683,Jesper Boqvist,2025-10-11,12,0.0,0.0,0.0,1,2.0,0.0,0.0,0.0
23997,FLA,OTT,30006048,Uvis Balinskis,2025-10-11,17,0.0,0.0,0.0,1,0.0,0.0,0.0,0.0
23997,FLA,OTT,30001387,Niko Mikkola,2025-10-11,17,0.0,0.0,0.0,1,1.0,0.0,0.0,0.0
23997,FLA,OTT,30003694,Jonah Gadjovich,2025-10-11,10,0.0,0.0,0.0,1,0.0,0.0,0.0,0.0
23997,FLA,OTT,30001448,Daniil Tarasov,2025-10-11,0,0.0,0.0,0.0,1,0.0,0.0,0.0,0.0
23997,FLA,OTT,30003322,Noah Gregor,2025-10-11,0,0.0,0.0,0.0,1,0.0,0.0,0.0,0.0
23997,FLA,OTT,30004574,Cole Schwindt,2025-10-11,0,0.0,0.0,0.0,1,0.0,0.0,0.0,0.0
23997,FLA,OTT,30000559,Sam Bennett,2025-10-11,16,0.0,0.0,0.0,1,2.0,0.0,0.0,0.0
23997,FLA,OTT,30002839,A.J. Greer,2025-10-11,12,0.0,0.0,0.0,1,0.0,0.0,0.0,0.0
24003,MON,CHI,30003667,Nick Suzuki,2025-10-11,21,3.0,0.0,3.0,0,2.0,2.0,0.0,0.0
24003,MON,CHI,30004928,Cole Caufield,2025-10-11,19,2.0,1.0,1.0,0,3.0,1.0,1.0,0.0
24003,MON,CHI,30004990,Zachary Bolduc,2025-10-11,16,2.0,1.0,1.0,0,3.0,1.0,1.0,0.0
24003,MON,CHI,30004803,Kaiden Guhle,2025-10-11,16,1.0,1.0,0.0,0,4.0,0.0,0.0,0.0
24003,MON,CHI,30002781,Sam Montembeault,2025-10-11,0,0.0,0.0,0.0,0,0.0,0.0,0.0,2.0
24003,MON,CHI,30005655,Lane Hutson,2025-10-11,21,1.0,0.0,1.0,0,1.0,0.0,0.0,0.0
24003,MON,CHI,30004086,Noah Dobson,2025-10-11,23,0.0,0.0,0.0,0,3.0,0.0,0.0,0.0
24003,MON,CHI,30005631,Juraj Slafkovsky,2025-10-11,20,0.0,0.0,0.0,0,2.0,0.0,0.0,0.0
24003,MON,CHI,30004361,Josh Anderson,2025-10-11,14,0.0,0.0,0.0,0,1.0,0.0,0.0,0.0
24003,MON,CHI,30000227,Mike Matheson,2025-10-11,23,0.0,0.0,0.0,0,0.0,0.0,0.0,0.0
24003,MON,CHI,30003131,Patrik Laine,2025-10-11,13,0.0,0.0,0.0,0,3.0,0.0,0.0,0.0
24003,MON,CHI,30004486,Alex Newhook,2025-10-11,13,0.0,0.0,0.0,0,1.0,0.0,0.0,0.0
24003,MON,CHI,30005021,Oliver Kapanen,2025-10-11,10,0.0,0.0,0.0,0,1.0,0.0,0.0,0.0
24003,MON,CHI,30000015,Brendan Gallagher,2025-10-11,13,0.0,0.0,0.0,0,0.0,0.0,0.0,0.0
24003,MON,CHI,30002825,Alexandre Carrier,2025-10-11,13,0.0,0.0,0.0,0,2.0,0.0,0.0,0.0
24003,MON,CHI,30004472,Kirby Dach,2025-10-11,14,0.0,0.0,0.0,0,0.0,0.0,0.0,0.0
24003,MON,CHI,30005128,Arber Xhekaj,2025-10-11,6,0.0,0.0,0.0,0,0.0,0.0,0.0,0.0
24003,MON,CHI,30005534,Jakub Dobes,2025-10-11,0,0.0,0.0,0.0,0,0.0,0.0,0.0,0.0
24003,MON,CHI,30004559,Jayden Struble,2025-10-11,0,0.0,0.0,0.0,0,0.0,0.0,0.0,0.0
24003,MON,CHI,30004101,Joe Veleno,2025-10-11,0,0.0,0.0,0.0,0,0.0,0.0,0.0,0.0
24003,MON,CHI,30003990,Jake Evans,2025-10-11,14,0.0,0.0,0.0,0,1.0,0.0,0.0,0.0
24003,MON,CHI,30006485,Ivan Demidov,2025-10-11,14,0.0,0.0,0.0,0,1.0,0.0,0.0,0.0
23998,NJ,TB,30003639,Nico Hischier,2025-10-11,19,2.0,1.0,1.0,0,3.0,0.0,0.0,0.0
23998,NJ,TB,30000491,Connor Brown,2025-10-11,14,2.0,2.0,0.0,0,3.0,0.0,0.0,0.0
23998,NJ,TB,30001226,Timo Meier,2025-10-11,17,2.0,1.0,1.0,0,2.0,0.0,0.0,0.0
23998,NJ,TB,30004810,Dawson Mercer,2025-10-11,19,1.0,0.0,1.0,0,0.0,0.0,0.0,0.0
23998,NJ,TB,30003612,Jesper Bratt,2025-10-11,18,1.0,1.0,0.0,0,3.0,0.0,0.0,0.0
23998,NJ,TB,30005466,Arseniy Gritsyuk,2025-10-11,13,2.0,0.0,2.0,0,3.0,0.0,0.0,0.0
23998,NJ,TB,30004986,Luke Hughes,2025-10-11,20,2.0,0.0,2.0,0,2.0,0.0,0.0,0.0
23998,NJ,TB,30004470,Jack Hughes,2025-10-11,19,0.0,0.0,0.0,0,7.0,0.0,0.0,0.0
23998,NJ,TB,30005613,Simon Nemec,2025-10-11,15,1.0,0.0,1.0,0,2.0,0.0,0.0,0.0
23998,NJ,TB,30000573,Jacob Markstrom,2025-10-11,0,0.0,0.0,0.0,0,0.0,0.0,0.0,3.0
23998,NJ,TB,30000070,Dougie Hamilton,2025-10-11,18,0.0,0.0,0.0,0,1.0,0.0,0.0,0.0
23998,NJ,TB,30001108,Jonas Siegenthaler,2025-10-11,17,0.0,0.0,0.0,0,0.0,0.0,0.0,0.0
23998,NJ,TB,30003642,Cody Glass,2025-10-11,11,0.0,0.0,0.0,0,0.0,0.0,0.0,0.0
23998,NJ,TB,30003404,Zack MacEwen,2025-10-11,7,0.0,0.0,0.0,0,2.0,0.0,0.0,0.0
23998,NJ,TB,30001225,Brenden Dillon,2025-10-11,20,0.0,0.0,0.0,0,0.0,0.0,0.0,0.0
23998,NJ,TB,30001052,Ondrej Palat,2025-10-11,14,0.0,0.0,0.0,0,1.0,0.0,0.0,0.0
23998,NJ,TB,30000368,Brett Pesce,2025-10-11,21,0.0,0.0,0.0,0,0.0,0.0,0.0,0.0
23998,NJ,TB,30000665,Jake Allen,2025-10-11,0,0.0,0.0,0.0,0,0.0,0.0,0.0,0.0
23998,NJ,TB,30003154,Dennis Cholowski,2025-10-11,0,0.0,0.0,0.0,0,0.0,0.0,0.0,0.0
23998,NJ,TB,30001786,Evgenii Dadonov,2025-10-11,0,0.0,0.0,0.0,0,0.0,0.0,0.0,0.0
23998,NJ,TB,30002609,Juho Lammikko,2025-10-11,0,0.0,0.0,0.0,0,0.0,0.0,0.0,0.0
23998,NJ,TB,30000844,Luke Glendening,2025-10-11,12,0.0,0.0,0.0,0,0.0,0.0,0.0,0.0
23998,NJ,TB,30004384,Paul Cotter,2025-10-11,12,0.0,0.0,0.0,0,0.0,0.0,0.0,0.0
24000,NYI,WAS,30006857,Matthew Schaefer,2025-10-11,26,1.0,1.0,0.0,1,8.0,0.0,1.0,0.0
24000,NYI,WAS,30001276,Bo Horvat,2025-10-11,20,2.0,0.0,2.0,1,5.0,2.0,0.0,0.0
24000,NYI,WAS,30000204,Kyle Palmieri,2025-10-11,20,2.0,0.0,2.0,1,2.0,2.0,0.0,0.0
24000,NYI,WAS,30000571,Anthony Duclair,2025-10-11,19,1.0,1.0,0.0,1,2.0,0.0,1.0,0.0
24000,NYI,WAS,30000292,Mathew Barzal,2025-10-11,21,0.0,0.0,0.0,1,3.0,0.0,0.0,0.0
24000,NYI,WAS,30000276,Anders Lee,2025-10-11,15,0.0,0.0,0.0,1,2.0,0.0,0.0,0.0
24000,NYI,WAS,30006475,Maxim Tsyplakov,2025-10-11,11,0.0,0.0,0.0,1,2.0,0.0,0.0,0.0
24000,NYI,WAS,30000999,Scott Mayfield,2025-10-11,18,0.0,0.0,0.0,1,2.0,0.0,0.0,0.0
24000,NYI,WAS,30002618,Ilya Sorokin,2025-10-11,0,0.0,0.0,0.0,1,0.0,0.0,0.0,4.0
24000,NYI,WAS,30005828,Marc Gatcomb,2025-10-11,8,0.0,0.0,0.0,1,1.0,0.0,0.0,0.0
24000,NYI,WAS,30001003,Ryan Pulock,2025-10-11,17,0.0,0.0,0.0,1,1.0,0.0,0.0,0.0
24000,NYI,WAS,30000733,Tony DeAngelo,2025-10-11,18,0.0,0.0,0.0,1,2.0,0.0,0.0,0.0
24000,NYI,WAS,30004845,Emil Heineman,2025-10-11,15,0.0,0.0,0.0,1,2.0,0.0,0.0,0.0
24000,NYI,WAS,30001155,Casey Cizikas,2025-10-11,10,0.0,0.0,0.0,1,0.0,0.0,0.0,0.0
24000,NYI,WAS,30000290,Adam Pelech,2025-10-11,16,0.0,0.0,0.0,1,0.0,0.0,0.0,0.0
24000,NYI,WAS,30003126,David Rittich,2025-10-11,0,0.0,0.0,0.0,1,0.0,0.0,0.0,0.0
24000,NYI,WAS,30004091,Adam Boqvist,2025-10-11,0,0.0,0.0,0.0,1,0.0,0.0,0.0,0.0
24000,NYI,WAS,30000734,Jonathan Drouin,2025-10-11,0,0.0,0.0,0.0,1,0.0,0.0,0.0,0.0
24000,NYI,WAS,30004332,Kyle MacLean,2025-10-11,0,0.0,0.0,0.0,1,0.0,0.0,0.0,0.0
24000,NYI,WAS,30006925,Maxim Shabanov,2025-10-11,12,0.0,0.0,0.0,1,3.0,0.0,0.0,0.0
24000,NYI,WAS,30004176,Alexander Romanov,2025-10-11,16,0.0,0.0,0.0,1,1.0,0.0,0.0,0.0
24000,NYI,WAS,30004498,Simon Holmstrom,2025-10-11,12,0.0,0.0,0.0,1,0.0,0.0,0.0,0.0
24000,NYI,WAS,30000966,Jean-Gabriel Pageau,2025-10-11,15,0.0,0.0,0.0,1,0.0,0.0,0.0,0.0
23999,NYR,PIT,30003194,Adam Fox,2025-10-11,23,3.0,2.0,1.0,0,4.0,0.0,1.0,0.0
23999,NYR,PIT,30000489,Sam Carrick,2025-10-11,15,2.0,0.0,2.0,0,4.0,0.0,0.0,0.0
23999,NYR,PIT,30000467,Mika Zibanejad,2025-10-11,20,1.0,1.0,0.0,0,4.0,0.0,0.0,0.0
23999,NYR,PIT,30005252,Adam Edstrom,2025-10-11,11,2.0,0.0,2.0,0,2.0,0.0,0.0,0.0
23999,NYR,PIT,30005183,Matt Rempe,2025-10-11,10,1.0,1.0,0.0,0,2.0,0.0,0.0,0.0
23999,NYR,PIT,30005883,Noah Laba,2025-10-11,12,2.0,0.0,2.0,0,1.0,1.0,0.0,0.0
23999,NYR,PIT,30002999,Igor Shesterkin,2025-10-11,0,0.0,0.0,0.0,0,0.0,0.0,0.0,1.0
23999,NYR,PIT,30003170,Taylor Raddysh,2025-10-11,12,1.0,1.0,0.0,0,2.0,0.0,0.0,0.0
23999,NYR,PIT,30004832,Will Cuylle,2025-10-11,16,1.0,1.0,0.0,0,3.0,0.0,1.0,0.0
23999,NYR,PIT,30004968,Juuso Parssinen,2025-10-11,9,1.0,0.0,1.0,0,0.0,0.0,0.0,0.0
23999,NYR,PIT,30000617,J.T. Miller,2025-10-11,19,1.0,0.0,1.0,0,2.0,1.0,0.0,0.0
23999,NYR,PIT,30001322,Artemi Panarin,2025-10-11,18,1.0,0.0,1.0,0,1.0,1.0,0.0,0.0
23999,NYR,PIT,30004820,Braden Schneider,2025-10-11,20,0.0,0.0,0.0,0,1.0,0.0,0.0,0.0
23999,NYR,PIT,30000410,Conor Sheary,2025-10-11,14,1.0,0.0,1.0,0,1.0,1.0,0.0,0.0
23999,NYR,PIT,30003649,Urho Vaakanainen,2025-10-11,19,0.0,0.0,0.0,0,0.0,0.0,0.0,0.0
23999,NYR,PIT,30004430,Vladislav Gavrikov,2025-10-11,25,0.0,0.0,0.0,0,1.0,0.0,0.0,0.0
23999,NYR,PIT,30003743,Will Borgen,2025-10-11,18,0.0,0.0,0.0,0,1.0,0.0,0.0,0.0
23999,NYR,PIT,30004807,Alexis Lafrenière,2025-10-11,16,0.0,0.0,0.0,0,1.0,0.0,0.0,0.0
23999,NYR,PIT,30003583,Carson Soucy,2025-10-11,6,0.0,0.0,0.0,0,0.0,0.0,0.0,0.0
23999,NYR,PIT,30000123,Jonathan Quick,2025-10-11,0,0.0,0.0,0.0,0,0.0,0.0,0.0,0.0
23999,NYR,PIT,30002967,Jonny Brodzinski,2025-10-11,0,0.0,0.0,0.0,0,0.0,0.0,0.0,0.0
23999,NYR,PIT,30004504,Matthew Robertson,2025-10-11,0,0.0,0.0,0.0,0,0.0,0.0,0.0,0.0
23999,NYR,PIT,30000226,Vincent Trocheck,2025-10-11,0,0.0,0.0,0.0,0,0.0,0.0,0.0,0.0
23997,OTT,FLA,30004514,Shane Pinto,2025-10-11,16,2.0,2.0,0.0,0,5.0,0.0,0.0,0.0
23997,OTT,FLA,30000052,Claude Giroux,2025-10-11,13,1.0,0.0,1.0,0,2.0,0.0,0.0,0.0
23997,OTT,FLA,30000845,Nick Jensen,2025-10-11,19,0.0,0.0,0.0,0,2.0,0.0,0.0,0.0
23997,OTT,FLA,30006054,Nikolas Matinpalo,2025-10-11,16,0.0,0.0,0.0,0,0.0,0.0,0.0,0.0
23997,OTT,FLA,30004479,Dylan Cozens,2025-10-11,17,0.0,0.0,0.0,0,4.0,0.0,0.0,0.0
23997,OTT,FLA,30004802,Ridly Greig,2025-10-11,14,1.0,0.0,1.0,0,0.0,0.0,0.0,0.0
23997,OTT,FLA,30000959,Kurtis MacDermid,2025-10-11,6,0.0,0.0,0.0,0,1.0,0.0,0.0,0.0
23997,OTT,FLA,30000446,Thomas Chabot,2025-10-11,20,0.0,0.0,0.0,0,1.0,0.0,0.0,0.0
23997,OTT,FLA,30004077,Brady Tkachuk,2025-10-11,16,0.0,0.0,0.0,0,3.0,0.0,0.0,0.0
23997,OTT,FLA,30003711,Fabian Zetterlund,2025-10-11,17,0.0,0.0,0.0,0,2.0,0.0,0.0,0.0
23997,OTT,FLA,30004773,Artem Zub,2025-10-11,20,0.0,0.0,0.0,0,2.0,0.0,0.0,0.0
23997,OTT,FLA,30004821,Tim Stützle,2025-10-11,18,0.0,0.0,0.0,0,2.0,0.0,0.0,0.0
23997,OTT,FLA,30004819,Jake Sanderson,2025-10-11,22,0.0,0.0,0.0,0,3.0,0.0,0.0,0.0
23997,OTT,FLA,30004873,Donovan Sebrango,2025-10-11,16,0.0,0.0,0.0,0,1.0,0.0,0.0,0.0
23997,OTT,FLA,30000397,David Perron,2025-10-11,15,0.0,0.0,0.0,0,0.0,0.0,0.0,0.0
23997,OTT,FLA,30004860,Leevi Merilainen,2025-10-11,0,0.0,0.0,0.0,0,0.0,0.0,0.0,0.0
23997,OTT,FLA,30004958,Olle Lycksell,2025-10-11,0,0.0,0.0,0.0,0,0.0,0.0,0.0,0.0
23997,OTT,FLA,30004553,Jordan Spence,2025-10-11,0,0.0,0.0,0.0,0,0.0,0.0,0.0,0.0
23997,OTT,FLA,30000263,Nick Cousins,2025-10-11,11,0.0,0.0,0.0,0,0.0,0.0,0.0,0.0
23997,OTT,FLA,30000012,Lars Eller,2025-10-11,12,0.0,0.0,0.0,0,0.0,0.0,0.0,0.0
23997,OTT,FLA,30002630,Michael Amadio,2025-10-11,15,0.0,0.0,0.0,0,0.0,0.0,0.0,0.0
23997,OTT,FLA,30001374,Linus Ullmark,2025-10-11,0,0.0,0.0,0.0,0,0.0,0.0,0.0,6.0
24001,PHI,CAR,30004508,Bobby Brink,2025-10-11,17,2.0,1.0,1.0,0,4.0,0.0,0.0,0.0
24001,PHI,CAR,30004801,Tyson Foerster,2025-10-11,17,1.0,0.0,1.0,0,3.0,0.0,0.0,0.0
24001,PHI,CAR,30003653,Owen Tippett,2025-10-11,18,1.0,1.0,0.0,0,2.0,0.0,1.0,0.0
24001,PHI,CAR,30000624,Travis Sanheim,2025-10-11,29,1.0,1.0,0.0,0,2.0,0.0,0.0,0.0
24001,PHI,CAR,30005397,Noah Cates,2025-10-11,16,1.0,0.0,1.0,0,3.0,0.0,0.0,0.0
24001,PHI,CAR,30004481,Trevor Zegras,2025-10-11,19,1.0,0.0,1.0,0,3.0,1.0,0.0,0.0
24001,PHI,CAR,30000349,Travis Konecny,2025-10-11,16,1.0,0.0,1.0,0,2.0,1.0,0.0,0.0
24001,PHI,CAR,30004406,Samuel Ersson,2025-10-11,0,0.0,0.0,0.0,0,0.0,0.0,0.0,4.0
24001,PHI,CAR,30005958,Nikita Grebenkin,2025-10-11,8,1.0,0.0,1.0,0,0.0,0.0,0.0,0.0
24001,PHI,CAR,30001312,Noah Juulsen,2025-10-11,14,0.0,0.0,0.0,0,0.0,0.0,0.0,0.0
24001,PHI,CAR,30000942,Christian Dvorak,2025-10-11,18,0.0,0.0,0.0,0,1.0,0.0,0.0,0.0
24001,PHI,CAR,30003016,Nick Seeler,2025-10-11,22,0.0,0.0,0.0,0,2.0,0.0,0.0,0.0
24001,PHI,CAR,30004205,Egor Zamula,2025-10-11,16,0.0,0.0,0.0,0,0.0,0.0,0.0,0.0
24001,PHI,CAR,30004144,Adam Ginning,2025-10-11,14,0.0,0.0,0.0,0,0.0,0.0,0.0,0.0
24001,PHI,CAR,30002786,Dan Vladar,2025-10-11,0,0.0,0.0,0.0,0,0.0,0.0,0.0,0.0
24001,PHI,CAR,30003500,Rodrigo Abols,2025-10-11,0,0.0,0.0,0.0,0,0.0,0.0,0.0,0.0
24001,PHI,CAR,30000501,Nicolas Deslauriers,2025-10-11,0,0.0,0.0,0.0,0,0.0,0.0,0.0,0.0
24001,PHI,CAR,30002850,Dennis Gilbert,2025-10-11,0,0.0,0.0,0.0,0,0.0,0.0,0.0,0.0
24001,PHI,CAR,30000050,Sean Couturier,2025-10-11,20,0.0,0.0,0.0,0,1.0,0.0,0.0,0.0
24001,PHI,CAR,30001201,Garnet Hathaway,2025-10-11,10,0.0,0.0,0.0,0,0.0,0.0,0.0,0.0
24001,PHI,CAR,30004800,Jamie Drysdale,2025-10-11,23,0.0,0.0,0.0,0,0.0,0.0,0.0,0.0
24001,PHI,CAR,30006492,Jett Luchanko,2025-10-11,7,0.0,0.0,0.0,0,0.0,0.0,0.0,0.0
24001,PHI,CAR,30006061,Matvei Michkov,2025-10-11,13,0.0,0.0,0.0,0,0.0,0.0,0.0,0.0
23999,PIT,NYR,30006867,Benjamin Kindel,2025-10-11,14,1.0,1.0,0.0,1,1.0,0.0,0.0,0.0
23999,PIT,NYR,30002874,Caleb Jones,2025-10-11,18,1.0,0.0,1.0,1,1.0,0.0,0.0,0.0
23999,PIT,NYR,30004115,Filip Hallander,2025-10-11,12,0.0,0.0,0.0,1,3.0,0.0,0.0,0.0
23999,PIT,NYR,30002778,Tommy Novak,2025-10-11,12,0.0,0.0,0.0,1,1.0,0.0,0.0,0.0
23999,PIT,NYR,30004181,Connor Dewar,2025-10-11,12,0.0,0.0,0.0,1,2.0,0.0,0.0,0.0
23999,PIT,NYR,30000658,Kris Letang,2025-10-11,15,0.0,0.0,0.0,1,0.0,0.0,0.0,0.0
23999,PIT,NYR,30001235,Noel Acciari,2025-10-11,12,0.0,0.0,0.0,1,0.0,0.0,0.0,0.0
23999,PIT,NYR,30003099,Parker Wotherspoon,2025-10-11,20,0.0,0.0,0.0,1,2.0,0.0,0.0,0.0
23999,PIT,NYR,30003391,Justin Brazeau,2025-10-11,14,0.0,0.0,0.0,1,1.0,0.0,0.0,0.0
23999,PIT,NYR,30001100,Bryan Rust,2025-10-11,18,0.0,0.0,0.0,1,3.0,0.0,0.0,0.0
23999,PIT,NYR,30004423,Blake Lizotte,2025-10-11,13,0.0,0.0,0.0,1,0.0,0.0,0.0,0.0
23999,PIT,NYR,30005027,Ville Koivunen,2025-10-11,0,0.0,0.0,0.0,1,0.0,0.0,0.0,0.0
23999,PIT,NYR,30006547,Harrison Brunicke,2025-10-11,17,0.0,0.0,0.0,1,0.0,0.0,0.0,0.0
23999,PIT,NYR,30000392,Tristan Jarry,2025-10-11,0,0.0,0.0,0.0,1,0.0,0.0,0.0,0.0
23999,PIT,NYR,30003893,Connor Clifton,2025-10-11,0,0.0,0.0,0.0,1,0.0,0.0,0.0,0.0
23999,PIT,NYR,30000806,Matt Dumba,2025-10-11,0,0.0,0.0,0.0,1,0.0,0.0,0.0,0.0
23999,PIT,NYR,30004488,Philip Tomasino,2025-10-11,0,0.0,0.0,0.0,1,0.0,0.0,0.0,0.0
23999,PIT,NYR,30004788,Ryan Shea,2025-10-11,21,0.0,0.0,0.0,1,0.0,0.0,0.0,0.0
23999,PIT,NYR,30000848,Anthony Mantha,2025-10-11,16,0.0,0.0,0.0,1,0.0,0.0,0.0,0.0
23999,PIT,NYR,30004609,Arturs Silovs,2025-10-11,0,0.0,0.0,0.0,1,0.0,0.0,0.0,6.0
23999,PIT,NYR,30000660,Evgeni Malkin,2025-10-11,17,0.0,0.0,0.0,1,1.0,0.0,0.0,0.0
23999,PIT,NYR,30000888,Rickard Rakell,2025-10-11,17,0.0,0.0,0.0,1,2.0,0.0,0.0,0.0
23999,PIT,NYR,30000651,Sidney Crosby,2025-10-11,18,0.0,0.0,0.0,1,1.0,0.0,0.0,0.0
23999,PIT,NYR,30000445,Erik Karlsson,2025-10-11,19,0.0,0.0,0.0,1,1.0,0.0,0.0,0.0
23998,TB,NJ,30005421,Maxwell Crozier,2025-10-11,15,2.0,0.0,2.0,1,0.0,0.0,0.0,0.0
23998,TB,NJ,30001084,Ryan McDonagh,2025-10-11,20,1.0,1.0,0.0,1,1.0,0.0,0.0,0.0
23998,TB,NJ,30001178,Yanni Gourde,2025-10-11,15,1.0,1.0,0.0,1,2.0,0.0,0.0,0.0
23998,TB,NJ,30003478,Darren Raddysh,2025-10-11,17,1.0,1.0,0.0,1,2.0,0.0,0.0,0.0
23998,TB,NJ,30003250,Brandon Hagel,2025-10-11,18,1.0,0.0,1.0,1,0.0,0.0,0.0,0.0
23998,TB,NJ,30002532,Jake Guentzel,2025-10-11,24,0.0,0.0,0.0,1,4.0,0.0,0.0,0.0
23998,TB,NJ,30000737,Victor Hedman,2025-10-11,27,0.0,0.0,0.0,1,1.0,0.0,0.0,0.0
23998,TB,NJ,30002845,Anthony Cirelli,2025-10-11,21,0.0,0.0,0.0,1,2.0,0.0,0.0,0.0
23998,TB,NJ,30004838,Gage Goncalves,2025-10-11,10,1.0,0.0,1.0,1,0.0,0.0,0.0,0.0
23998,TB,NJ,30000428,Oliver Bjorkstrand,2025-10-11,12,1.0,0.0,1.0,1,1.0,0.0,0.0,0.0
23998,TB,NJ,30005622,Conor Geekie,2025-10-11,8,0.0,0.0,0.0,1,2.0,0.0,0.0,0.0
23998,TB,NJ,30002821,Erik Cernak,2025-10-11,17,0.0,0.0,0.0,1,1.0,0.0,0.0,0.0
23998,TB,NJ,30004974,Pontus Holmberg,2025-10-11,9,0.0,0.0,0.0,1,0.0,0.0,0.0,0.0
23998,TB,NJ,30000742,Brayden Point,2025-10-11,20,1.0,0.0,1.0,1,0.0,0.0,0.0,0.0
23998,TB,NJ,30004754,Mitchell Chaffee,2025-10-11,8,0.0,0.0,0.0,1,0.0,0.0,0.0,0.0
23998,TB,NJ,30004836,Jack Finley,2025-10-11,9,0.0,0.0,0.0,1,0.0,0.0,0.0,0.0
23998,TB,NJ,30002606,Jonas Johansson,2025-10-11,0,0.0,0.0,0.0,1,0.0,0.0,0.0,0.0
23998,TB,NJ,30000770,Pheonix Copley,2025-10-11,0,0.0,0.0,0.0,1,0.0,0.0,0.0,0.0
23998,TB,NJ,30004182,Curtis Douglas,2025-10-11,0,0.0,0.0,0.0,1,0.0,0.0,0.0,0.0
23998,TB,NJ,30005044,J.J. Moser,2025-10-11,0,0.0,0.0,0.0,1,0.0,0.0,0.0,0.0
23998,TB,NJ,30001377,Andrei Vasilevskiy,2025-10-11,0,0.0,0.0,0.0,1,0.0,0.0,0.0,5.0
23998,TB,NJ,30001047,Nikita Kucherov,2025-10-11,20,0.0,0.0,0.0,1,1.0,0.0,0.0,0.0
23998,TB,NJ,30005366,Emil Lilleberg,2025-10-11,17,0.0,0.0,0.0,1,0.0,0.0,0.0,0.0
24002,TOR,DET,30003042,Nicolas Roy,2025-10-11,10,2.0,1.0,1.0,0,4.0,0.0,0.0,0.0
24002,TOR,DET,30000040,Morgan Rielly,2025-10-11,22,2.0,0.0,2.0,0,2.0,0.0,0.0,0.0
24002,TOR,DET,30000940,Max Domi,2025-10-11,14,1.0,1.0,0.0,0,3.0,0.0,0.0,0.0
24002,TOR,DET,30000241,Calle Jarnkrok,2025-10-11,8,1.0,1.0,0.0,0,1.0,0.0,0.0,0.0
24002,TOR,DET,30003130,Auston Matthews,2025-10-11,21,0.0,0.0,0.0,0,6.0,0.0,0.0,0.0
24002,TOR,DET,30000100,Christopher Tanev,2025-10-11,17,1.0,0.0,1.0,0,0.0,0.0,0.0,0.0
24002,TOR,DET,30005024,Matthew Knies,2025-10-11,21,0.0,0.0,0.0,0,3.0,0.0,0.0,0.0
24002,TOR,DET,30000507,Jake McCabe,2025-10-11,19,0.0,0.0,0.0,0,0.0,0.0,0.0,0.0
24002,TOR,DET,30000259,Anthony Stolarz,2025-10-11,0,0.0,0.0,0.0,0,0.0,0.0,0.0,4.0
24002,TOR,DET,30003041,Steven Lorentz,2025-10-11,1,0.0,0.0,0.0,0,0.0,0.0,0.0,0.0
24002,TOR,DET,30000486,William Nylander,2025-10-11,21,1.0,0.0,1.0,0,0.0,0.0,0.0,0.0
24002,TOR,DET,30005589,Bobby McMann,2025-10-11,16,0.0,0.0,0.0,0,0.0,0.0,0.0,0.0
24002,TOR,DET,30001088,Brandon Carlo,2025-10-11,20,0.0,0.0,0.0,0,0.0,0.0,0.0,0.0
24002,TOR,DET,30004385,Cayden Primeau,2025-10-11,0,0.0,0.0,0.0,0,0.0,0.0,0.0,0.0
24002,TOR,DET,30000670,Sammy Blais,2025-10-11,0,0.0,0.0,0.0,0,0.0,0.0,0.0,0.0
24002,TOR,DET,30006072,Easton Cowan,2025-10-11,0,0.0,0.0,0.0,0,0.0,0.0,0.0,0.0
24002,TOR,DET,30002867,Philippe Myers,2025-10-11,0,0.0,0.0,0.0,0,0.0,0.0,0.0,0.0
24002,TOR,DET,30004539,Matias Maccelli,2025-10-11,15,0.0,0.0,0.0,0,0.0,0.0,0.0,0.0
24002,TOR,DET,30004583,Dakota Joshua,2025-10-11,11,0.0,0.0,0.0,0,2.0,0.0,0.0,0.0
24002,TOR,DET,30004509,Nicholas Robertson,2025-10-11,13,0.0,0.0,0.0,0,1.0,0.0,0.0,0.0
24002,TOR,DET,30000275,John Tavares,2025-10-11,19,0.0,0.0,0.0,0,1.0,0.0,0.0,0.0
24002,TOR,DET,30004252,Simon Benoit,2025-10-11,17,0.0,0.0,0.0,0,0.0,0.0,0.0,0.0
24002,TOR,DET,30000943,Oliver Ekman-Larsson,2025-10-11,19,0.0,0.0,0.0,0,0.0,0.0,0.0,0.0
24000,WAS,NYI,30004562,Aliaksei Protas,2025-10-11,19,3.0,2.0,1.0,0,5.0,0.0,0.0,0.0
24000,WAS,NYI,30003973,Logan Thompson,2025-10-11,0,0.0,0.0,0.0,0,0.0,0.0,0.0,2.0
24000,WAS,NYI,30003138,Jakob Chychrun,2025-10-11,19,2.0,0.0,2.0,0,0.0,0.0,0.0,0.0
24000,WAS,NYI,30004152,Martin Fehérváry,2025-10-11,18,1.0,1.0,0.0,0,3.0,0.0,0.0,0.0
24000,WAS,NYI,30000587,John Carlson,2025-10-11,22,1.0,0.0,1.0,0,2.0,0.0,0.0,0.0
24000,WAS,NYI,30006062,Ryan Leonard,2025-10-11,10,1.0,1.0,0.0,0,2.0,0.0,0.0,0.0
24000,WAS,NYI,30000375,Tom Wilson,2025-10-11,19,1.0,0.0,1.0,0,1.0,0.0,0.0,0.0
24000,WAS,NYI,30003132,Pierre-Luc Dubois,2025-10-11,18,0.0,0.0,0.0,0,4.0,0.0,0.0,0.0
24000,WAS,NYI,30000378,Alex Ovechkin,2025-10-11,17,1.0,0.0,1.0,0,2.0,0.0,0.0,0.0
24000,WAS,NYI,30004491,Connor McMichael,2025-10-11,16,0.0,0.0,0.0,0,2.0,0.0,0.0,0.0
24000,WAS,NYI,30000954,Dylan Strome,2025-10-11,18,0.0,0.0,0.0,0,2.0,0.0,0.0,0.0
24000,WAS,NYI,30000341,Anthony Beauvillier,2025-10-11,10,0.0,0.0,0.0,0,4.0,0.0,0.0,0.0
24000,WAS,NYI,30003561,Matt Roy,2025-10-11,20,0.0,0.0,0.0,0,0.0,0.0,0.0,0.0
24000,WAS,NYI,30004099,Rasmus Sandin,2025-10-11,21,0.0,0.0,0.0,0,0.0,0.0,0.0,0.0
24000,WAS,NYI,30001023,Trevor van Riemsdyk,2025-10-11,15,0.0,0.0,0.0,0,0.0,0.0,0.0,0.0
24000,WAS,NYI,30002695,Nic Dowd,2025-10-11,14,0.0,0.0,0.0,0,1.0,0.0,0.0,0.0
24000,WAS,NYI,30004808,Hendrix Lapierre,2025-10-11,9,0.0,0.0,0.0,0,0.0,0.0,0.0,0.0
24000,WAS,NYI,30004878,Justin Sourdif,2025-10-11,12,0.0,0.0,0.0,0,1.0,0.0,0.0,0.0
24000,WAS,NYI,30003933,Brandon Duhaime,2025-10-11,13,0.0,0.0,0.0,0,0.0,0.0,0.0,0.0
24000,WAS,NYI,30003026,Charlie Lindgren,2025-10-11,0,0.0,0.0,0.0,0,0.0,0.0,0.0,0.0
24000,WAS,NYI,30004302,Declan Chisholm,2025-10-11,0,0.0,0.0,0.0,0,0.0,0.0,0.0,0.0
24000,WAS,NYI,30005031,Vincent Iorio,2025-10-11,0,0.0,0.0,0.0,0,0.0,0.0,0.0,0.0
24000,WAS,NYI,30000429,Sonny Milano,2025-10-11,0,0.0,0.0,0.0,0,0.0,0.0,0.0,0.0
24005,CBJ,MIN,30002770,Zach Werenski,2025-10-11,25,3.0,1.0,2.0,0,7.0,1.0,0.0,0.0
24005,CBJ,MIN,30004135,Kirill Marchenko,2025-10-11,18,3.0,3.0,0.0,0,4.0,0.0,1.0,0.0
24005,CBJ,MIN,30000778,Boone Jenner,2025-10-11,15,3.0,1.0,2.0,0,2.0,1.0,0.0,0.0
24005,CBJ,MIN,30002616,Elvis Merzlikins,2025-10-11,0,0.0,0.0,0.0,0,0.0,0.0,0.0,4.0
24005,CBJ,MIN,30000623,Ivan Provorov,2025-10-11,27,1.0,0.0,1.0,0,1.0,0.0,0.0,0.0
24005,CBJ,MIN,30006063,Adam Fantilli,2025-10-11,14,2.0,1.0,1.0,0,1.0,0.0,0.0,0.0
24005,CBJ,MIN,30004607,Dmitri Voronkov,2025-10-11,15,2.0,0.0,2.0,0,1.0,0.0,0.0,0.0
24005,CBJ,MIN,30000115,Sean Monahan,2025-10-11,19,0.0,0.0,0.0,0,6.0,0.0,0.0,0.0
24005,CBJ,MIN,30003079,Miles Wood,2025-10-11,11,1.0,1.0,0.0,0,2.0,0.0,0.0,0.0
24005,CBJ,MIN,30004988,Cole Sillinger,2025-10-11,14,1.0,0.0,1.0,0,0.0,0.0,0.0,0.0
24005,CBJ,MIN,30000207,Damon Severson,2025-10-11,17,0.0,0.0,0.0,0,1.0,0.0,0.0,0.0
24005,CBJ,MIN,30000805,Charlie Coyle,2025-10-11,16,1.0,0.0,1.0,0,1.0,0.0,0.0,0.0
24005,CBJ,MIN,30003549,Zachary Aston-Reese,2025-10-11,13,1.0,0.0,1.0,0,1.0,0.0,0.0,0.0
24005,CBJ,MIN,30003146,Dante Fabbro,2025-10-11,20,0.0,0.0,0.0,0,0.0,0.0,0.0,0.0
24005,CBJ,MIN,30004097,Isac Lundestrom,2025-10-11,12,0.0,0.0,0.0,0,0.0,0.0,0.0,0.0
24005,CBJ,MIN,30003267,Mathieu Olivier,2025-10-11,10,0.0,0.0,0.0,0,2.0,0.0,0.0,0.0
24005,CBJ,MIN,30000233,Erik Gudbranson,2025-10-11,11,0.0,0.0,0.0,0,0.0,0.0,0.0,0.0
24005,CBJ,MIN,30004989,Kent Johnson,2025-10-11,11,0.0,0.0,0.0,0,2.0,0.0,0.0,0.0
24005,CBJ,MIN,30005637,Denton Mateychuk,2025-10-11,15,0.0,0.0,0.0,0,1.0,0.0,0.0,0.0
24005,CBJ,MIN,30005049,Jet Greaves,2025-10-11,0,0.0,0.0,0.0,0,0.0,0.0,0.0,0.0
24005,CBJ,MIN,30004799,Yegor Chinakhov,2025-10-11,0,0.0,0.0,0.0,0,0.0,0.0,0.0,0.0
24005,CBJ,MIN,30004306,Jake Christiansen,2025-10-11,0,0.0,0.0,0.0,0,0.0,0.0,0.0,0.0
24005,MIN,CBJ,30004784,Kirill Kaprizov,2025-10-11,24,3.0,2.0,1.0,1,11.0,1.0,2.0,0.0
24005,MIN,CBJ,30004480,Matt Boldy,2025-10-11,25,3.0,1.0,2.0,1,5.0,2.0,1.0,0.0
24005,MIN,CBJ,30002820,Joel Eriksson Ek,2025-10-11,19,2.0,0.0,2.0,1,2.0,2.0,0.0,0.0
24005,MIN,CBJ,30006486,Zeev Buium,2025-10-11,24,2.0,1.0,1.0,1,4.0,1.0,1.0,0.0
24005,MIN,CBJ,30000797,Vladimir Tarasenko,2025-10-11,16,1.0,0.0,1.0,1,5.0,1.0,0.0,0.0
24005,MIN,CBJ,30001012,Ryan Hartman,2025-10-11,16,0.0,0.0,0.0,1,7.0,0.0,0.0,0.0
24005,MIN,CBJ,30001355,Zach Bogosian,2025-10-11,15,0.0,0.0,0.0,1,2.0,0.0,0.0,0.0
24005,MIN,CBJ,30004818,Marco Rossi,2025-10-11,19,1.0,0.0,1.0,1,3.0,1.0,0.0,0.0
24005,MIN,CBJ,30002719,Jacob Middleton,2025-10-11,14,0.0,0.0,0.0,1,0.0,0.0,0.0,0.0
24005,MIN,CBJ,30000257,Yakov Trenin,2025-10-11,12,0.0,0.0,0.0,1,2.0,0.0,0.0,0.0
24005,MIN,CBJ,30005642,Liam Ohgren,2025-10-11,6,0.0,0.0,0.0,1,1.0,0.0,0.0,0.0
24005,MIN,CBJ,30001309,Marcus Johansson,2025-10-11,16,0.0,0.0,0.0,1,1.0,0.0,0.0,0.0
24005,MIN,CBJ,30005008,Jesper Wallstedt,2025-10-11,0,0.0,0.0,0.0,1,0.0,0.0,0.0,0.0
24005,MIN,CBJ,30004847,Daemon Hunt,2025-10-11,0,0.0,0.0,0.0,1,0.0,0.0,0.0,0.0
24005,MIN,CBJ,30005612,David Jiricek,2025-10-11,0,0.0,0.0,0.0,1,0.0,0.0,0.0,0.0
24005,MIN,CBJ,30005627,Danila Yurov,2025-10-11,0,0.0,0.0,0.0,1,0.0,0.0,0.0,0.0
24005,MIN,CBJ,30000499,Marcus Foligno,2025-10-11,11,0.0,0.0,0.0,1,0.0,0.0,0.0,0.0
24005,MIN,CBJ,30001013,Vinnie Hinostroza,2025-10-11,9,0.0,0.0,0.0,1,3.0,0.0,0.0,0.0
24005,MIN,CBJ,30004835,Brock Faber,2025-10-11,19,0.0,0.0,0.0,1,3.0,0.0,0.0,0.0
24005,MIN,CBJ,30000524,Jonas Brodin,2025-10-11,16,0.0,0.0,0.0,1,1.0,0.0,0.0,0.0
24005,MIN,CBJ,30000517,Jared Spurgeon,2025-10-11,18,0.0,0.0,0.0,1,2.0,0.0,0.0,0.0
24005,MIN,CBJ,30003173,Filip Gustavsson,2025-10-11,0,0.0,0.0,0.0,1,0.0,0.0,0.0,6.0
24005,MIN,CBJ,30005669,Hunter Haight,2025-10-11,8,0.0,0.0,0.0,1,0.0,0.0,0.0,0.0
24006,NAS,UTA,30000183,Filip Forsberg,2025-10-11,20,1.0,1.0,0.0,1,5.0,0.0,0.0,0.0
24006,NAS,UTA,30000810,Erik Haula,2025-10-11,14,1.0,1.0,0.0,1,2.0,0.0,0.0,0.0
24006,NAS,UTA,30001048,Jonathan Marchessault,2025-10-11,17,1.0,0.0,1.0,1,5.0,0.0,0.0,0.0
24006,NAS,UTA,30006869,Brady Martin,2025-10-11,10,1.0,0.0,1.0,1,0.0,0.0,0.0,0.0
24006,NAS,UTA,30004834,Luke Evangelista,2025-10-11,13,1.0,0.0,1.0,1,2.0,0.0,0.0,0.0
24006,NAS,UTA,30000324,Brady Skjei,2025-10-11,22,0.0,0.0,0.0,1,0.0,0.0,0.0,0.0
24006,NAS,UTA,30004606,Nick Perbix,2025-10-11,20,0.0,0.0,0.0,1,0.0,0.0,0.0,0.0
24006,NAS,UTA,30000979,Ryan O'Reilly,2025-10-11,21,0.0,0.0,0.0,1,1.0,0.0,0.0,0.0
24006,NAS,UTA,30004991,Fedor Svechkov,2025-10-11,13,0.0,0.0,0.0,1,3.0,0.0,0.0,0.0
24006,NAS,UTA,30000222,Juuse Saros,2025-10-11,0,0.0,0.0,0.0,1,0.0,0.0,0.0,3.0
24006,NAS,UTA,30003140,Tyson Jost,2025-10-11,10,0.0,0.0,0.0,1,3.0,0.0,0.0,0.0
24006,NAS,UTA,30000743,Steven Stamkos,2025-10-11,19,0.0,0.0,0.0,1,1.0,0.0,0.0,0.0
24006,NAS,UTA,30000184,Roman Josi,2025-10-11,27,0.0,0.0,0.0,1,0.0,0.0,0.0,0.0
24006,NAS,UTA,30004161,Justus Annunen,2025-10-11,0,0.0,0.0,0.0,1,0.0,0.0,0.0,0.0
24006,NAS,UTA,30005578,Nick Blankenburg,2025-10-11,0,0.0,0.0,0.0,1,0.0,0.0,0.0,0.0
24006,NAS,UTA,30005617,Joakim Kemell,2025-10-11,0,0.0,0.0,0.0,1,0.0,0.0,0.0,0.0
24006,NAS,UTA,30004822,Ozzy Wiesblatt,2025-10-11,0,0.0,0.0,0.0,1,0.0,0.0,0.0,0.0
24006,NAS,UTA,30004795,Justin Barron,2025-10-11,12,0.0,0.0,0.0,1,0.0,0.0,0.0,0.0
24006,NAS,UTA,30005233,Adam Wilsby,2025-10-11,17,0.0,0.0,0.0,1,0.0,0.0,0.0,0.0
24006,NAS,UTA,30004748,Cole Smith,2025-10-11,13,0.0,0.0,0.0,1,0.0,0.0,0.0,0.0
24006,NAS,UTA,30000720,Michael McCarron,2025-10-11,14,0.0,0.0,0.0,1,0.0,0.0,0.0,0.0
24006,NAS,UTA,30002859,Michael Bunting,2025-10-11,15,0.0,0.0,0.0,1,0.0,0.0,0.0,0.0
24006,NAS,UTA,30004370,Spencer Stastney,2025-10-11,13,0.0,0.0,0.0,1,0.0,0.0,0.0,0.0
24006,UTA,NAS,30004996,Dylan Guenther,2025-10-11,23,2.0,1.0,1.0,0,4.0,0.0,0.0,0.0
24006,UTA,NAS,30004113,Jack McBain,2025-10-11,17,1.0,1.0,0.0,0,4.0,0.0,0.0,0.0
24006,UTA,NAS,30005614,Logan Cooley,2025-10-11,22,1.0,1.0,0.0,0,3.0,0.0,0.0,0.0
24006,UTA,NAS,30004957,Karel Vejmelka,2025-10-11,0,0.0,0.0,0.0,0,0.0,0.0,0.0,2.0
24006,UTA,NAS,30002583,Nick Schmaltz,2025-10-11,20,1.0,0.0,1.0,0,4.0,0.0,0.0,0.0
24006,UTA,NAS,30004141,Sean Durzi,2025-10-11,16,1.0,0.0,1.0,0,0.0,0.0,0.0,0.0
24006,UTA,NAS,30004867,JJ Peterka,2025-10-11,15,1.0,0.0,1.0,0,1.0,0.0,0.0,0.0
24006,UTA,NAS,30003137,Mikhail Sergachev,2025-10-11,28,0.0,0.0,0.0,0,0.0,0.0,0.0,0.0
24006,UTA,NAS,30006068,Dmitriy Simashev,2025-10-11,8,0.0,0.0,0.0,0,0.0,0.0,0.0,0.0
24006,UTA,NAS,30000650,Ian Cole,2025-10-11,19,0.0,0.0,0.0,0,1.0,0.0,0.0,0.0
24006,UTA,NAS,30003053,Brandon Tanev,2025-10-11,11,0.0,0.0,0.0,0,2.0,0.0,0.0,0.0
24006,UTA,NAS,30002841,Kevin Stenlund,2025-10-11,17,0.0,0.0,0.0,0,1.0,0.0,0.0,0.0
24006,UTA,NAS,30000659,Olli Määttä,2025-10-11,9,0.0,0.0,0.0,0,0.0,0.0,0.0,0.0
24006,UTA,NAS,30003663,Kailer Yamamoto,2025-10-11,9,0.0,0.0,0.0,0,1.0,0.0,0.0,0.0
24006,UTA,NAS,30003141,Clayton Keller,2025-10-11,23,0.0,0.0,0.0,0,1.0,0.0,0.0,0.0
24006,UTA,NAS,30001141,Andrew Agozzino,2025-10-11,5,0.0,0.0,0.0,0,0.0,0.0,0.0,0.0
24006,UTA,NAS,30000594,Nate Schmidt,2025-10-11,18,0.0,0.0,0.0,0,1.0,0.0,0.0,0.0
24006,UTA,NAS,30002600,Vitek Vanecek,2025-10-11,0,0.0,0.0,0.0,0,0.0,0.0,0.0,0.0
24006,UTA,NAS,30003235,Michael Carcone,2025-10-11,0,0.0,0.0,0.0,0,0.0,0.0,0.0,0.0
24006,UTA,NAS,30003572,Nick DeSimone,2025-10-11,0,0.0,0.0,0.0,0,0.0,0.0,0.0,0.0
24006,UTA,NAS,30004078,Barrett Hayton,2025-10-11,0,0.0,0.0,0.0,0,0.0,0.0,0.0,0.0
24006,UTA,NAS,30000229,Lawson Crouse,2025-10-11,16,0.0,0.0,0.0,0,0.0,0.0,0.0,0.0
24006,UTA,NAS,30004585,John Marino,2025-10-11,16,0.0,0.0,0.0,0,0.0,0.0,0.0,0.0
24007,COL,DAL,30000904,Nathan MacKinnon,2025-10-11,25,3.0,1.0,2.0,1,4.0,0.0,1.0,0.0
24007,COL,DAL,30003654,Martin Necas,2025-10-11,23,3.0,1.0,2.0,1,3.0,1.0,0.0,0.0
24007,COL,DAL,30002512,Artturi Lehkonen,2025-10-11,22,1.0,1.0,0.0,1,4.0,0.0,0.0,0.0
24007,COL,DAL,30000879,Josh Manson,2025-10-11,16,0.0,0.0,0.0,1,2.0,0.0,0.0,0.0
24007,COL,DAL,30003646,Cale Makar,2025-10-11,26,0.0,0.0,0.0,1,5.0,0.0,0.0,0.0
24007,COL,DAL,30006102,Gavin Brindley,2025-10-11,6,1.0,1.0,0.0,1,1.0,0.0,0.0,0.0
24007,COL,DAL,30000127,Brent Burns,2025-10-11,20,1.0,0.0,1.0,1,3.0,1.0,0.0,0.0
24007,COL,DAL,30004026,Victor Olofsson,2025-10-11,13,1.0,0.0,1.0,1,2.0,0.0,0.0,0.0
24007,COL,DAL,30006036,Sam Malinski,2025-10-11,15,1.0,0.0,1.0,1,2.0,0.0,0.0,0.0
24007,COL,DAL,30000903,Gabriel Landeskog,2025-10-11,16,0.0,0.0,0.0,1,4.0,0.0,0.0,0.0
24007,COL,DAL,30004938,Ilya Solovyov,2025-10-11,9,0.0,0.0,0.0,1,1.0,0.0,0.0,0.0
24007,COL,DAL,30003087,Devon Toews,2025-10-11,28,0.0,0.0,0.0,1,2.0,0.0,0.0,0.0
24007,COL,DAL,30004121,Jack Drury,2025-10-11,14,0.0,0.0,0.0,1,2.0,0.0,0.0,0.0
24007,COL,DAL,30004461,Joel Kiviranta,2025-10-11,9,0.0,0.0,0.0,1,0.0,0.0,0.0,0.0
24007,COL,DAL,30004668,Trent Miner,2025-10-11,0,0.0,0.0,0.0,1,0.0,0.0,0.0,0.0
24007,COL,DAL,30005470,Zakhar Bardakov,2025-10-11,0,0.0,0.0,0.0,1,0.0,0.0,0.0,0.0
24007,COL,DAL,30002779,Mackenzie Blackwood,2025-10-11,0,0.0,0.0,0.0,1,0.0,0.0,0.0,0.0
24007,COL,DAL,30000200,Scott Wedgewood,2025-10-11,0,0.0,0.0,0.0,1,0.0,0.0,0.0,4.0
24007,COL,DAL,30000757,Valeri Nichushkin,2025-10-11,18,0.0,0.0,0.0,1,2.0,0.0,0.0,0.0
24007,COL,DAL,30001000,Brock Nelson,2025-10-11,24,0.0,0.0,0.0,1,2.0,0.0,0.0,0.0
24007,COL,DAL,30003947,Ross Colton,2025-10-11,10,0.0,0.0,0.0,1,0.0,0.0,0.0,0.0
24007,COL,DAL,30003898,Parker Kelly,2025-10-11,10,0.0,0.0,0.0,1,0.0,0.0,0.0,0.0
24007,DAL,COL,30003689,Jason Robertson,2025-10-11,20,1.0,1.0,0.0,0,5.0,0.0,0.0,0.0
24007,DAL,COL,30004482,Thomas Harley,2025-10-11,25,2.0,1.0,1.0,0,2.0,0.0,0.0,0.0
24007,DAL,COL,30005004,Wyatt Johnston,2025-10-11,21,1.0,1.0,0.0,0,5.0,0.0,0.0,0.0
24007,DAL,COL,30003658,Jake Oettinger,2025-10-11,0,0.0,0.0,0.0,0,0.0,0.0,0.0,4.0
24007,DAL,COL,30003640,Miro Heiskanen,2025-10-11,25,1.0,0.0,1.0,0,1.0,0.0,0.0,0.0
24007,DAL,COL,30000906,Mikko Rantanen,2025-10-11,21,1.0,0.0,1.0,0,2.0,0.0,0.0,0.0
24007,DAL,COL,30004061,Ilya Lyubushkin,2025-10-11,13,1.0,0.0,1.0,0,0.0,0.0,0.0,0.0
24007,DAL,COL,30000755,Esa Lindell,2025-10-11,24,1.0,0.0,1.0,0,1.0,0.0,0.0,0.0
24007,DAL,COL,30003165,Nate Bastian,2025-10-11,7,1.0,1.0,0.0,0,2.0,0.0,0.0,0.0
24007,DAL,COL,30001146,Matt Duchene,2025-10-11,16,0.0,0.0,0.0,0,1.0,0.0,0.0,0.0
24007,DAL,COL,30005640,Lian Bichsel,2025-10-11,14,0.0,0.0,0.0,0,0.0,0.0,0.0,0.0
24007,DAL,COL,30002811,Roope Hintz,2025-10-11,22,0.0,0.0,0.0,0,1.0,0.0,0.0,0.0
24007,DAL,COL,30000762,Tyler Seguin,2025-10-11,18,0.0,0.0,0.0,0,0.0,0.0,0.0,0.0
24007,DAL,COL,30004103,Nils Lundkvist,2025-10-11,17,1.0,0.0,1.0,0,0.0,0.0,0.0,0.0
24007,DAL,COL,30004796,Mavrik Bourque,2025-10-11,10,0.0,0.0,0.0,0,1.0,0.0,0.0,0.0
24007,DAL,COL,30003156,Sam Steel,2025-10-11,14,0.0,0.0,0.0,0,1.0,0.0,0.0,0.0
24007,DAL,COL,30006457,Justin Hryckowian,2025-10-11,6,0.0,0.0,0.0,0,0.0,0.0,0.0,0.0
24007,DAL,COL,30003376,Casey DeSmith,2025-10-11,0,0.0,0.0,0.0,0,0.0,0.0,0.0,0.0
24007,DAL,COL,30000735,Adam Erne,2025-10-11,0,0.0,0.0,0.0,0,0.0,0.0,0.0,0.0
24007,DAL,COL,30000166,Alexander Petrovic,2025-10-11,0,0.0,0.0,0.0,0,0.0,0.0,0.0,0.0
24007,DAL,COL,30003357,Colin Blackwell,2025-10-11,11,0.0,0.0,0.0,0,0.0,0.0,0.0,0.0
24007,DAL,COL,30000750,Radek Faksa,2025-10-11,13,0.0,0.0,0.0,0,0.0,0.0,0.0,0.0
24009,ANA,SJ,30006069,Leo Carlsson,2025-10-11,19,3.0,1.0,2.0,0,3.0,1.0,0.0,0.0
24009,ANA,SJ,30005620,Cutter Gauthier,2025-10-11,19,2.0,2.0,0.0,0,9.0,0.0,0.0,0.0
24009,ANA,SJ,30000320,Chris Kreider,2025-10-11,17,2.0,2.0,0.0,0,5.0,0.0,1.0,0.0
24009,ANA,SJ,30004997,Mason McTavish,2025-10-11,20,3.0,0.0,3.0,0,4.0,1.0,0.0,0.0
24009,ANA,SJ,30003747,Troy Terry,2025-10-11,17,2.0,0.0,2.0,0,3.0,1.0,0.0,0.0
24009,ANA,SJ,30006483,Beckett Sennecke,2025-10-11,19,2.0,1.0,1.0,0,5.0,0.0,1.0,0.0
24009,ANA,SJ,30000515,Mikael Granlund,2025-10-11,20,2.0,0.0,2.0,0,0.0,0.0,0.0,0.0
24009,ANA,SJ,30000739,Alex Killorn,2025-10-11,18,1.0,1.0,0.0,0,7.0,0.0,0.0,0.0
24009,ANA,SJ,30000834,Jacob Trouba,2025-10-11,18,0.0,0.0,0.0,0,1.0,0.0,0.0,0.0
24009,ANA,SJ,30005018,Olen Zellweger,2025-10-11,19,1.0,0.0,1.0,0,1.0,1.0,0.0,0.0
24009,ANA,SJ,30000269,Radko Gudas,2025-10-11,19,1.0,0.0,1.0,0,2.0,0.0,0.0,0.0
24009,ANA,SJ,30004526,Jackson LaCombe,2025-10-11,27,0.0,0.0,0.0,0,1.0,0.0,0.0,0.0
24009,ANA,SJ,30000609,Frank Vatrano,2025-10-11,12,0.0,0.0,0.0,0,1.0,0.0,0.0,0.0
24009,ANA,SJ,30001009,Petr Mrazek,2025-10-11,0,0.0,0.0,0.0,0,0.0,0.0,0.0,6.0
24009,ANA,SJ,30004512,Drew Helleson,2025-10-11,15,0.0,0.0,0.0,0,0.0,0.0,0.0,0.0
24009,ANA,SJ,30004160,Lukas Dostal,2025-10-11,0,0.0,0.0,0.0,0,0.0,0.0,0.0,0.0
24009,ANA,SJ,30004829,Sam Colangelo,2025-10-11,0,0.0,0.0,0.0,0,0.0,0.0,0.0,0.0
24009,ANA,SJ,30005615,Pavel Mintyukov,2025-10-11,11,0.0,0.0,0.0,0,1.0,0.0,0.0,0.0
24009,ANA,SJ,30000998,Ross Johnston,2025-10-11,5,0.0,0.0,0.0,0,0.0,0.0,0.0,0.0
24009,ANA,SJ,30003650,Ryan Poehling,2025-10-11,7,0.0,0.0,0.0,0,0.0,0.0,0.0,0.0
24009,ANA,SJ,30006017,Nikita Nesterenko,2025-10-11,5,0.0,0.0,0.0,0,0.0,0.0,0.0,0.0
24010,EDM,VAN,30000549,Darnell Nurse,2025-10-11,18,1.0,0.0,1.0,1,5.0,0.0,0.0,0.0
24010,EDM,VAN,30001076,Leon Draisaitl,2025-10-11,24,1.0,1.0,0.0,1,2.0,0.0,0.0,0.0
24010,EDM,VAN,30001233,Connor McDavid,2025-10-11,24,1.0,0.0,1.0,1,3.0,0.0,0.0,0.0
24010,EDM,VAN,30001304,Calvin Pickard,2025-10-11,0,0.0,0.0,0.0,1,0.0,0.0,0.0,1.0
24010,EDM,VAN,30002218,Andrew Mangiapane,2025-10-11,11,1.0,1.0,0.0,1,1.0,0.0,0.0,0.0
24010,EDM,VAN,30005577,Noah Philp,2025-10-11,10,1.0,1.0,0.0,1,2.0,0.0,0.0,0.0
24010,EDM,VAN,30004476,Vasily Podkolzin,2025-10-11,11,1.0,0.0,1.0,1,3.0,0.0,0.0,0.0
24010,EDM,VAN,30000557,Brett Kulak,2025-10-11,18,0.0,0.0,0.0,1,0.0,0.0,0.0,0.0
24010,EDM,VAN,30000443,Kasperi Kapanen,2025-10-11,13,1.0,0.0,1.0,1,0.0,0.0,0.0,0.0
24010,EDM,VAN,30005633,Matt Savoie,2025-10-11,13,0.0,0.0,0.0,1,4.0,0.0,0.0,0.0
24010,EDM,VAN,30000540,Ryan Nugent-Hopkins,2025-10-11,20,0.0,0.0,0.0,1,2.0,0.0,0.0,0.0
24010,EDM,VAN,30003157,Trent Frederic,2025-10-11,14,0.0,0.0,0.0,1,4.0,0.0,0.0,0.0
24010,EDM,VAN,30004156,Alec Regula,2025-10-11,16,0.0,0.0,0.0,1,1.0,0.0,0.0,0.0
24010,EDM,VAN,30006846,David Tomasek,2025-10-11,15,0.0,0.0,0.0,1,4.0,0.0,0.0,0.0
24010,EDM,VAN,30000987,Adam Henrique,2025-10-11,13,0.0,0.0,0.0,1,2.0,0.0,0.0,0.0
24010,EDM,VAN,30000250,Mattias Ekholm,2025-10-11,18,0.0,0.0,0.0,1,1.0,0.0,0.0,0.0
24010,EDM,VAN,30004081,Evan Bouchard,2025-10-11,25,0.0,0.0,0.0,1,2.0,0.0,0.0,0.0
24010,EDM,VAN,30004165,Ty Emberson,2025-10-11,13,0.0,0.0,0.0,1,0.0,0.0,0.0,0.0
24010,EDM,VAN,30005646,Isaac Howard,2025-10-11,10,0.0,0.0,0.0,1,1.0,0.0,0.0,0.0
24010,EDM,VAN,30003729,Stuart Skinner,2025-10-11,0,0.0,0.0,0.0,1,0.0,0.0,0.0,0.0
24010,EDM,VAN,30000965,Curtis Lazar,2025-10-11,0,0.0,0.0,0.0,1,0.0,0.0,0.0,0.0
24010,EDM,VAN,30002824,Jack Roslovic,2025-10-11,0,0.0,0.0,0.0,1,0.0,0.0,0.0,0.0
24010,EDM,VAN,30003083,Troy Stecher,2025-10-11,0,0.0,0.0,0.0,1,0.0,0.0,0.0,0.0
24008,SEA,VEG,30005040,Matty Beniers,2025-10-11,17,2.0,1.0,1.0,1,3.0,0.0,1.0,0.0
24008,SEA,VEG,30004419,Joey Daccord,2025-10-11,0,0.0,0.0,0.0,1,0.0,0.0,0.0,1.0
24008,SEA,VEG,30000674,Vince Dunn,2025-10-11,24,2.0,0.0,2.0,1,2.0,1.0,0.0,0.0
24008,SEA,VEG,30000929,Jared McCann,2025-10-11,16,1.0,1.0,0.0,1,3.0,0.0,0.0,0.0
24008,SEA,VEG,30000539,Jordan Eberle,2025-10-11,19,1.0,0.0,1.0,1,4.0,1.0,0.0,0.0
24008,SEA,VEG,30000882,Brandon Montour,2025-10-11,23,0.0,0.0,0.0,1,3.0,0.0,0.0,0.0
24008,SEA,VEG,30002711,Frederick Gaudreau,2025-10-11,16,0.0,0.0,0.0,1,1.0,0.0,0.0,0.0
24008,SEA,VEG,30000303,Adam Larsson,2025-10-11,23,0.0,0.0,0.0,1,1.0,0.0,0.0,0.0
24008,SEA,VEG,30000596,Chandler Stephenson,2025-10-11,22,0.0,0.0,0.0,1,1.0,0.0,0.0,0.0
24008,SEA,VEG,30002223,Mason Marchment,2025-10-11,14,0.0,0.0,0.0,1,1.0,0.0,0.0,0.0
24008,SEA,VEG,30000758,Jamie Oleksiak,2025-10-11,14,0.0,0.0,0.0,1,1.0,0.0,0.0,0.0
24008,SEA,VEG,30000794,Jaden Schwartz,2025-10-11,16,0.0,0.0,0.0,1,1.0,0.0,0.0,0.0
24008,SEA,VEG,30003660,Eeli Tolvanen,2025-10-11,13,0.0,0.0,0.0,1,1.0,0.0,0.0,0.0
24008,SEA,VEG,30003184,Ryan Lindgren,2025-10-11,19,0.0,0.0,0.0,1,0.0,0.0,0.0,0.0
24008,SEA,VEG,30005336,Tye Kartye,2025-10-11,14,0.0,0.0,0.0,1,0.0,0.0,0.0,0.0
24008,SEA,VEG,30005337,Ryan Winterton,2025-10-11,15,0.0,0.0,0.0,1,0.0,0.0,0.0,0.0
24008,SEA,VEG,30005682,Jani Nyman,2025-10-11,8,0.0,0.0,0.0,1,0.0,0.0,0.0,0.0
24008,SEA,VEG,30005616,Shane Wright,2025-10-11,13,0.0,0.0,0.0,1,0.0,0.0,0.0,0.0
24008,SEA,VEG,30003214,Joshua Mahura,2025-10-11,15,0.0,0.0,0.0,1,0.0,0.0,0.0,0.0
24008,SEA,VEG,30000629,Matt Murray,2025-10-11,0,0.0,0.0,0.0,1,0.0,0.0,0.0,0.0
24008,SEA,VEG,30006499,Berkly Catton,2025-10-11,0,0.0,0.0,0.0,1,0.0,0.0,0.0,0.0
24008,SEA,VEG,30003703,Cale Fleury,2025-10-11,0,0.0,0.0,0.0,1,0.0,0.0,0.0,0.0
24008,SEA,VEG,30000577,Philipp Grubauer,2025-10-11,0,0.0,0.0,0.0,1,0.0,0.0,0.0,0.0
24009,SJ,ANA,30006066,Will Smith,2025-10-11,18,3.0,0.0,3.0,1,3.0,1.0,0.0,0.0
24009,SJ,ANA,30000384,Dmitry Orlov,2025-10-11,21,2.0,0.0,2.0,1,3.0,1.0,0.0,0.0
24009,SJ,ANA,30003989,Adam Gaudette,2025-10-11,8,2.0,1.0,1.0,1,1.0,0.0,1.0,0.0
24009,SJ,ANA,30006491,Macklin Celebrini,2025-10-11,20,3.0,0.0,3.0,1,1.0,1.0,0.0,0.0
24009,SJ,ANA,30003693,Mario Ferraro,2025-10-11,22,1.0,1.0,0.0,1,2.0,0.0,0.0,0.0
24009,SJ,ANA,30001301,Ryan Reaves,2025-10-11,6,1.0,1.0,0.0,1,1.0,0.0,0.0,0.0
24009,SJ,ANA,30000642,Jeff Skinner,2025-10-11,10,1.0,1.0,0.0,1,3.0,0.0,0.0,0.0
24009,SJ,ANA,30000157,Tyler Toffoli,2025-10-11,15,1.0,1.0,0.0,1,3.0,0.0,0.0,0.0
24009,SJ,ANA,30000754,John Klingberg,2025-10-11,19,1.0,1.0,0.0,1,1.0,0.0,1.0,0.0
24009,SJ,ANA,30003648,Timothy Liljegren,2025-10-11,21,0.0,0.0,0.0,1,1.0,0.0,0.0,0.0
24009,SJ,ANA,30004092,Ty Dellandrea,2025-10-11,16,1.0,0.0,1.0,1,0.0,0.0,0.0,0.0
24009,SJ,ANA,30000914,Barclay Goodrow,2025-10-11,13,0.0,0.0,0.0,1,0.0,0.0,0.0,0.0
24009,SJ,ANA,30004123,Philipp Kurashev,2025-10-11,19,0.0,0.0,0.0,1,1.0,0.0,0.0,0.0
24009,SJ,ANA,30000287,Nick Leddy,2025-10-11,18,1.0,0.0,1.0,1,0.0,0.0,0.0,0.0
24009,SJ,ANA,30000426,Alexander Wennberg,2025-10-11,19,1.0,0.0,1.0,1,0.0,1.0,0.0,0.0
24009,SJ,ANA,30006484,Sam Dickinson,2025-10-11,11,0.0,0.0,0.0,1,0.0,0.0,0.0,0.0
24009,SJ,ANA,30006468,Collin Graf,2025-10-11,14,0.0,0.0,0.0,1,0.0,0.0,0.0,0.0
24009,SJ,ANA,30005628,Yaroslav Askarov,2025-10-11,0,0.0,0.0,0.0,1,0.0,0.0,0.0,7.0
24009,SJ,ANA,30002590,Alex Nedeljkovic,2025-10-11,0,0.0,0.0,0.0,1,0.0,0.0,0.0,0.0
24009,SJ,ANA,30003937,Vincent Desharnais,2025-10-11,0,0.0,0.0,0.0,1,0.0,0.0,0.0,0.0
24009,SJ,ANA,30006859,Michael Misa,2025-10-11,0,0.0,0.0,0.0,1,0.0,0.0,0.0,0.0
24009,SJ,ANA,30004811,Shakir Mukhamadullin,2025-10-11,0,0.0,0.0,0.0,1,0.0,0.0,0.0,0.0
24009,SJ,ANA,30004995,William Eklund,2025-10-11,17,0.0,0.0,0.0,1,3.0,0.0,0.0,0.0
24010,VAN,EDM,30002581,Thatcher Demko,2025-10-11,0,0.0,0.0,0.0,0,0.0,0.0,0.0,2.0
24010,VAN,EDM,30001238,Jake DeBrusk,2025-10-11,16,1.0,0.0,1.0,0,2.0,0.0,0.0,0.0
24010,VAN,EDM,30002777,Brock Boeser,2025-10-11,18,1.0,1.0,0.0,0,2.0,0.0,0.0,0.0
24010,VAN,EDM,30003647,Elias Pettersson,2025-10-11,16,0.0,0.0,0.0,0,1.0,0.0,0.0,0.0
24010,VAN,EDM,30000958,Derek Forbort,2025-10-11,12,0.0,0.0,0.0,0,1.0,0.0,0.0,0.0
24010,VAN,EDM,30003193,Filip Hronek,2025-10-11,27,0.0,0.0,0.0,0,0.0,0.0,0.0,0.0
24010,VAN,EDM,30004080,Quinn Hughes,2025-10-11,25,1.0,0.0,1.0,0,0.0,0.0,0.0,0.0
24010,VAN,EDM,30005619,Jonathan Lekkerimaki,2025-10-11,9,0.0,0.0,0.0,0,1.0,0.0,0.0,0.0
24010,VAN,EDM,30001299,Tyler Myers,2025-10-11,20,0.0,0.0,0.0,0,1.0,0.0,0.0,0.0
24010,VAN,EDM,30002876,Conor Garland,2025-10-11,17,0.0,0.0,0.0,0,3.0,0.0,0.0,0.0
24010,VAN,EDM,30006441,Elias Nils Pettersson,2025-10-11,11,0.0,0.0,0.0,0,1.0,0.0,0.0,0.0
24010,VAN,EDM,30000976,Evander Kane,2025-10-11,18,0.0,0.0,0.0,0,1.0,0.0,0.0,0.0
24010,VAN,EDM,30004741,Drew O'Connor,2025-10-11,13,0.0,0.0,0.0,0,0.0,0.0,0.0,0.0
24010,VAN,EDM,30005028,Aatu Raty,2025-10-11,11,0.0,0.0,0.0,0,0.0,0.0,0.0,0.0
24010,VAN,EDM,30005566,Arshdeep Bains,2025-10-11,10,0.0,0.0,0.0,0,0.0,0.0,0.0,0.0
24010,VAN,EDM,30006870,Braeden Cootes,2025-10-11,9,0.0,0.0,0.0,0,0.0,0.0,0.0,0.0
24010,VAN,EDM,30004058,Kevin Lankinen,2025-10-11,0,0.0,0.0,0.0,0,0.0,0.0,0.0,0.0
24010,VAN,EDM,30002479,Teddy Blueger,2025-10-11,0,0.0,0.0,0.0,0,0.0,0.0,0.0,0.0
24010,VAN,EDM,30004153,Linus Karlsson,2025-10-11,0,0.0,0.0,0.0,0,0.0,0.0,0.0,0.0
24010,VAN,EDM,30005887,Victor Mancini,2025-10-11,0,0.0,0.0,0.0,0,0.0,0.0,0.0,0.0
24010,VAN,EDM,30002587,Marcus Pettersson,2025-10-11,20,0.0,0.0,0.0,0,0.0,0.0,0.0,0.0
24010,VAN,EDM,30004001,Kiefer Sherwood,2025-10-11,12,0.0,0.0,0.0,0,1.0,0.0,0.0,0.0
24010,VAN,EDM,30003655,Filip Chytil,2025-10-11,17,0.0,0.0,0.0,0,1.0,0.0,0.0,0.0
24008,VEG,SEA,30004532,Pavel Dorofeyev,2025-10-11,18,1.0,1.0,0.0,0,3.0,0.0,1.0,0.0
24008,VEG,SEA,30001246,Mark Stone,2025-10-11,19,1.0,0.0,1.0,0,1.0,1.0,0.0,0.0
24008,VEG,SEA,30000496,Jack Eichel,2025-10-11,21,1.0,0.0,1.0,0,3.0,1.0,0.0,0.0
24008,VEG,SEA,30000422,William Karlsson,2025-10-11,17,0.0,0.0,0.0,0,2.0,0.0,0.0,0.0
24008,VEG,SEA,30002827,Jeremy Lauzon,2025-10-11,16,0.0,0.0,0.0,0,2.0,0.0,0.0,0.0
24008,VEG,SEA,30000890,Shea Theodore,2025-10-11,22,0.0,0.0,0.0,0,4.0,0.0,0.0,0.0
24008,VEG,SEA,30004510,Kaedan Korczak,2025-10-11,16,0.0,0.0,0.0,0,2.0,0.0,0.0,0.0
24008,VEG,SEA,30002783,Adin Hill,2025-10-11,0,0.0,0.0,0.0,0,0.0,0.0,0.0,2.0
24008,VEG,SEA,30000784,Ivan Barbashev,2025-10-11,16,0.0,0.0,0.0,0,2.0,0.0,0.0,0.0
24008,VEG,SEA,30000694,Keegan Kolesar,2025-10-11,11,0.0,0.0,0.0,0,2.0,0.0,0.0,0.0
24008,VEG,SEA,30003997,Zach Whitecloud,2025-10-11,19,0.0,0.0,0.0,0,1.0,0.0,0.0,0.0
24008,VEG,SEA,30000152,Brayden McNabb,2025-10-11,20,0.0,0.0,0.0,0,0.0,0.0,0.0,0.0
24008,VEG,SEA,30000927,Ben Hutton,2025-10-11,18,0.0,0.0,0.0,0,2.0,0.0,0.0,0.0
24008,VEG,SEA,30000189,Colton Sissons,2025-10-11,11,0.0,0.0,0.0,0,1.0,0.0,0.0,0.0
24008,VEG,SEA,30001229,Brandon Saad,2025-10-11,12,0.0,0.0,0.0,0,0.0,0.0,0.0,0.0
24008,VEG,SEA,30000080,Reilly Smith,2025-10-11,14,0.0,0.0,0.0,0,0.0,0.0,0.0,0.0
24008,VEG,SEA,30003153,Brett Howden,2025-10-11,12,0.0,0.0,0.0,0,0.0,0.0,0.0,0.0
24008,VEG,SEA,30003342,Mitchell Marner,2025-10-11,22,0.0,0.0,0.0,0,2.0,0.0,0.0,0.0
24008,VEG,SEA,30004341,Akira Schmid,2025-10-11,0,0.0,0.0,0.0,0,0.0,0.0,0.0,0.0
24008,VEG,SEA,30000633,Noah Hanifin,2025-10-11,0,0.0,0.0,0.0,0,0.0,0.0,0.0,0.0
24008,VEG,SEA,30004805,Alexander Holtz,2025-10-11,0,0.0,0.0,0.0,0,0.0,0.0,0.0,0.0
24008,VEG,SEA,30004947,Cole Reinhardt,2025-10-11,0,0.0,0.0,0.0,0,0.0,0.0,0.0,0.0
24008,VEG,SEA,30000132,Tomas Hertl,2025-10-11,18,0.0,0.0,0.0,0,0.0,0.0,0.0,0.0
24011,NYR,WAS,30004832,Will Cuylle,2025-10-12,17,0.0,0.0,0.0,1,4.0,0.0,0.0,0.0
24011,NYR,WAS,30000123,Jonathan Quick,2025-10-12,0,0.0,0.0,0.0,1,0.0,0.0,0.0,1.0
24011,NYR,WAS,30000467,Mika Zibanejad,2025-10-12,20,0.0,0.0,0.0,1,7.0,0.0,0.0,0.0
24011,NYR,WAS,30003194,Adam Fox,2025-10-12,23,0.0,0.0,0.0,1,2.0,0.0,0.0,0.0
24011,NYR,WAS,30004807,Alexis Lafrenière,2025-10-12,20,0.0,0.0,0.0,1,4.0,0.0,0.0,0.0
24011,NYR,WAS,30000410,Conor Sheary,2025-10-12,15,0.0,0.0,0.0,1,3.0,0.0,0.0,0.0
24011,NYR,WAS,30004430,Vladislav Gavrikov,2025-10-12,21,0.0,0.0,0.0,1,2.0,0.0,0.0,0.0
24011,NYR,WAS,30000617,J.T. Miller,2025-10-12,20,0.0,0.0,0.0,1,3.0,0.0,0.0,0.0
24011,NYR,WAS,30000489,Sam Carrick,2025-10-12,14,0.0,0.0,0.0,1,2.0,0.0,0.0,0.0
24011,NYR,WAS,30003170,Taylor Raddysh,2025-10-12,9,0.0,0.0,0.0,1,1.0,0.0,0.0,0.0
24011,NYR,WAS,30003743,Will Borgen,2025-10-12,18,0.0,0.0,0.0,1,1.0,0.0,0.0,0.0
24011,NYR,WAS,30005883,Noah Laba,2025-10-12,11,0.0,0.0,0.0,1,1.0,0.0,0.0,0.0
24011,NYR,WAS,30005252,Adam Edstrom,2025-10-12,11,0.0,0.0,0.0,1,0.0,0.0,0.0,0.0
24011,NYR,WAS,30003649,Urho Vaakanainen,2025-10-12,14,0.0,0.0,0.0,1,2.0,0.0,0.0,0.0
24011,NYR,WAS,30004504,Matthew Robertson,2025-10-12,18,0.0,0.0,0.0,1,1.0,0.0,0.0,0.0
24011,NYR,WAS,30002967,Jonny Brodzinski,2025-10-12,9,0.0,0.0,0.0,1,0.0,0.0,0.0,0.0
24011,NYR,WAS,30005183,Matt Rempe,2025-10-12,13,0.0,0.0,0.0,1,0.0,0.0,0.0,0.0
24011,NYR,WAS,30004820,Braden Schneider,2025-10-12,17,0.0,0.0,0.0,1,1.0,0.0,0.0,0.0
24011,NYR,WAS,30002999,Igor Shesterkin,2025-10-12,0,0.0,0.0,0.0,1,0.0,0.0,0.0,0.0
24011,NYR,WAS,30004749,Connor Mackey,2025-10-12,0,0.0,0.0,0.0,1,0.0,0.0,0.0,0.0
24011,NYR,WAS,30004968,Juuso Parssinen,2025-10-12,0,0.0,0.0,0.0,1,0.0,0.0,0.0,0.0
24011,NYR,WAS,30000226,Vincent Trocheck,2025-10-12,0,0.0,0.0,0.0,1,0.0,0.0,0.0,0.0
24011,NYR,WAS,30001322,Artemi Panarin,2025-10-12,21,0.0,0.0,0.0,1,1.0,0.0,0.0,0.0
24011,WAS,NYR,30003026,Charlie Lindgren,2025-10-12,0,0.0,0.0,0.0,0,0.0,0.0,0.0,0.0
24011,WAS,NYR,30000341,Anthony Beauvillier,2025-10-12,14,1.0,1.0,0.0,0,4.0,0.0,0.0,0.0
24011,WAS,NYR,30000378,Alex Ovechkin,2025-10-12,14,1.0,0.0,1.0,0,3.0,0.0,0.0,0.0
24011,WAS,NYR,30004302,Declan Chisholm,2025-10-12,14,1.0,0.0,1.0,0,0.0,0.0,0.0,0.0
24011,WAS,NYR,30003561,Matt Roy,2025-10-12,20,0.0,0.0,0.0,0,1.0,0.0,0.0,0.0
24011,WAS,NYR,30000954,Dylan Strome,2025-10-12,14,0.0,0.0,0.0,0,1.0,0.0,0.0,0.0
24011,WAS,NYR,30004152,Martin Fehérváry,2025-10-12,19,0.0,0.0,0.0,0,0.0,0.0,0.0,0.0
24011,WAS,NYR,30004878,Justin Sourdif,2025-10-12,10,0.0,0.0,0.0,0,2.0,0.0,0.0,0.0
24011,WAS,NYR,30000587,John Carlson,2025-10-12,22,0.0,0.0,0.0,0,1.0,0.0,0.0,0.0
24011,WAS,NYR,30006062,Ryan Leonard,2025-10-12,12,0.0,0.0,0.0,0,2.0,0.0,0.0,0.0
24011,WAS,NYR,30004562,Aliaksei Protas,2025-10-12,18,0.0,0.0,0.0,0,2.0,0.0,0.0,0.0
24011,WAS,NYR,30003933,Brandon Duhaime,2025-10-12,13,0.0,0.0,0.0,0,1.0,0.0,0.0,0.0
24011,WAS,NYR,30000375,Tom Wilson,2025-10-12,19,0.0,0.0,0.0,0,1.0,0.0,0.0,0.0
24011,WAS,NYR,30003138,Jakob Chychrun,2025-10-12,21,0.0,0.0,0.0,0,0.0,0.0,0.0,0.0
24011,WAS,NYR,30004099,Rasmus Sandin,2025-10-12,21,0.0,0.0,0.0,0,0.0,0.0,0.0,0.0
24011,WAS,NYR,30000429,Sonny Milano,2025-10-12,10,0.0,0.0,0.0,0,1.0,0.0,0.0,0.0
24011,WAS,NYR,30004491,Connor McMichael,2025-10-12,15,0.0,0.0,0.0,0,1.0,0.0,0.0,0.0
24011,WAS,NYR,30002695,Nic Dowd,2025-10-12,16,0.0,0.0,0.0,0,1.0,0.0,0.0,0.0
24011,WAS,NYR,30003132,Pierre-Luc Dubois,2025-10-12,15,0.0,0.0,0.0,0,0.0,0.0,0.0,0.0
24011,WAS,NYR,30003973,Logan Thompson,2025-10-12,0,0.0,0.0,0.0,0,0.0,0.0,0.0,0.0
24011,WAS,NYR,30005031,Vincent Iorio,2025-10-12,0,0.0,0.0,0.0,0,0.0,0.0,0.0,0.0
24011,WAS,NYR,30004808,Hendrix Lapierre,2025-10-12,0,0.0,0.0,0.0,0,0.0,0.0,0.0,0.0
24011,WAS,NYR,30001023,Trevor van Riemsdyk,2025-10-12,0,0.0,0.0,0.0,0,0.0,0.0,0.0,0.0
